6.851533e-01,1.178976e+00,3.524025e+00
1.002170e+00,1.215727e+00,2.932702e+01
1.151257e+00,3.324770e+00,2.361419e+01
1.281326e+00,2.631448e+00,1.454503e+01
-5.757699e-02,9.246479e-01,3.382982e+00
4.209683e-01,2.202052e+00,2.258276e+01
1.262043e-02,1.159763e+00,1.633285e+01
5.795223e-01,-6.981111e-01,3.401228e+01
1.258264e+00,1.269029e+00,3.614580e+01
1.522392e+00,8.478191e-01,3.845130e+01
1.833652e+00,2.239247e+00,1.348845e+01
1.637272e+00,9.333250e-01,7.737286e+00
3.109311e-01,1.497912e+00,8.477391e+00
4.721281e-01,1.362264e+00,2.793163e+00
9.976414e-01,1.553222e+00,2.638587e+01
2.066134e+00,2.521825e+00,5.684740e+00
2.290155e+00,1.733582e+00,4.998945e-01
1.026861e+00,2.234508e+00,2.343597e+01
1.416833e+00,8.760948e-01,-4.069340e-01
1.344289e+00,3.563491e+00,3.779117e+01
-2.700284e-01,2.420980e+00,2.250383e+01
1.023189e-01,1.401879e+00,2.803730e+01
8.518574e-01,1.184779e+00,2.627967e+01
-1.613113e+00,2.341637e+00,3.462951e+01
2.314742e+00,2.607958e+00,3.780594e+00
2.224616e+00,3.248348e+00,2.477409e+01
-1.160508e+00,3.256471e+00,2.892517e+01
1.440355e+00,4.588100e+00,3.026972e+01
1.013821e+00,-8.375211e-02,1.417777e+01
1.338426e+00,1.793816e+00,2.503096e+01
4.176078e-01,2.583839e+00,3.961054e+01
1.008650e+00,2.185952e+00,1.665149e+01
1.818225e-01,2.733650e+00,2.459196e+01
-1.051360e+00,2.669645e+00,8.400659e+00
-1.781532e-02,3.122742e+00,2.498879e+01
-3.388649e-01,2.673280e+00,9.519874e+00
8.415712e-01,3.360966e+00,1.483278e+01
6.964238e-01,4.484810e+00,1.724013e+01
8.562002e-01,2.424191e+00,2.022740e+01
-1.476555e+00,4.284803e+00,2.345314e+01
-9.965539e-01,3.316946e+00,2.898397e+01
2.249088e-01,3.332065e+00,1.950115e+01
-7.267511e-01,3.406703e+00,3.789318e+01
-8.258984e-01,2.930080e+00,3.007148e+01
1.351480e+00,2.761242e+00,2.343539e+01
1.276729e+00,4.366479e+00,3.623347e+01
-9.619976e-01,3.638034e+00,1.441874e+01
1.164974e-01,4.259287e+00,1.847775e+01
6.400545e-01,2.698217e+00,1.478635e+01
-1.911370e+00,4.203117e+00,2.285029e+01
-7.091903e-03,4.277178e+00,1.261456e+01
3.236934e-01,3.455077e+00,1.375000e+01
5.476573e-01,3.234256e+00,6.012095e+00
-7.602723e-01,4.499463e+00,3.381336e+01
1.434744e-01,3.867777e+00,1.240667e+01
5.833622e-01,4.507020e+00,2.563723e+01
4.157570e-01,5.228051e+00,7.003811e+00
-5.918858e-01,3.570114e+00,2.479156e+00
8.013106e-01,3.641684e+00,3.126037e+01
1.266187e+00,4.380160e+00,1.636093e+01
-9.665166e-01,4.766995e+00,3.174256e+01
-4.234192e-02,2.405066e+00,-2.699579e-01
1.743754e-01,4.203594e+00,3.363933e+00
-7.815295e-01,4.910115e+00,3.032448e+01
-7.446544e-01,5.313169e+00,6.367599e+00
1.179664e+00,5.049294e+00,4.569849e+00
-8.344516e-01,4.264625e+00,3.073198e+01
8.076231e-01,2.198834e+00,1.457213e+01
-2.357233e+00,4.748968e+00,2.230656e+01
-7.853448e-01,9.690541e-01,2.255423e+01
-4.415825e-02,5.685910e+00,3.629606e+01
1.906977e-01,5.647997e+00,1.579754e+01
-4.585916e-01,4.385157e+00,3.607942e+01
6.469611e-01,3.891952e+00,3.824950e+01
-1.392085e+00,6.003924e+00,3.345664e-01
3.433731e-01,3.910051e+00,1.669048e+01
-1.099778e+00,4.778486e+00,2.772422e+01
-1.423542e+00,3.400141e+00,2.045676e+01
2.176774e-01,3.258194e+00,3.766979e+01
-1.730493e+00,4.146381e+00,2.153137e+01
1.916860e-03,5.812665e+00,3.302478e+01
1.405952e-01,3.512985e+00,1.360236e+01
-3.372241e+00,5.859560e+00,7.849288e+00
-1.175003e+00,4.460435e+00,2.799197e+01
-8.760130e-01,5.940997e+00,2.547609e+01
-3.171863e+00,5.500582e+00,5.935400e+00
-1.375981e+00,5.188816e+00,3.772677e+00
-1.596828e+00,4.864448e+00,2.949191e+00
-1.920104e+00,4.642914e+00,4.050263e+01
-6.319821e-01,4.743377e+00,8.740769e+00
-8.925909e-01,4.324098e+00,4.025923e+01
-1.314099e+00,3.363612e+00,3.246010e+00
-1.347218e+00,4.364719e+00,5.566113e+00
-2.537809e+00,4.154968e+00,1.496822e+01
-1.567346e+00,5.229260e+00,3.813469e+01
-5.225962e-01,5.915859e+00,1.839905e+01
-2.994662e+00,5.031731e+00,3.159093e+01
-2.339270e+00,5.533532e+00,4.518998e+00
-2.614359e+00,6.327750e+00,1.813547e+01
-2.683269e+00,4.859347e+00,2.732851e+01
-2.149077e+00,6.004990e+00,1.342095e+01
-2.648157e+00,4.612958e+00,2.945019e+01
-2.295210e+00,5.227292e+00,1.570266e+01
-4.883216e+00,4.989491e+00,9.794281e+00
-3.135422e+00,5.341573e+00,4.072713e+01
-2.968714e+00,5.703358e+00,2.361774e+01
-3.319210e+00,6.189544e+00,1.413739e+01
2.447185e-01,7.433912e+00,3.093943e+01
-2.463908e+00,5.664565e+00,2.676811e+01
-2.526158e+00,5.069912e+00,6.205459e+00
-4.328305e+00,5.127223e+00,5.060268e+00
-1.713126e+00,4.947299e+00,2.242231e+01
-2.146107e-01,5.519218e+00,4.091705e+00
-4.824823e+00,5.303017e+00,1.022225e+01
-3.027116e+00,6.058774e+00,7.434583e+00
-3.674728e+00,5.404816e+00,5.077067e+00
-2.263395e+00,7.001675e+00,5.271543e+00
-4.747496e+00,4.462145e+00,2.656117e+01
-2.100912e+00,6.468251e+00,1.149658e+01
-5.076982e+00,7.251623e+00,2.666915e+01
-2.325904e+00,3.907252e+00,3.686161e+01
-4.758802e+00,6.873452e+00,9.131411e+00
-4.860606e+00,5.223083e+00,3.500138e+01
-2.858362e+00,6.065179e+00,1.490433e+01
-5.073112e+00,7.158409e+00,2.865388e+01
-2.529421e+00,6.760065e+00,9.575430e+00
-3.887589e+00,4.952763e+00,5.307544e+00
-4.712180e+00,5.371170e+00,1.125596e+01
-3.304148e+00,6.947289e+00,1.510431e+00
-5.236735e+00,4.716112e+00,3.725603e+01
-4.402489e+00,5.518911e+00,1.933053e+01
-5.233755e+00,6.047167e+00,3.292495e+01
-4.068740e+00,4.523149e+00,2.913379e+01
-3.519537e+00,4.418022e+00,-2.470318e+00
-6.540588e+00,4.322325e+00,3.873559e+01
-5.802247e+00,6.990382e+00,2.333319e+01
-5.017944e+00,4.268711e+00,2.082031e+01
-4.828240e+00,5.936065e+00,2.912104e+01
-4.897288e+00,7.078827e+00,9.822177e+00
-5.767152e+00,4.398086e+00,2.598666e+01
-5.784995e+00,4.073901e+00,1.842167e+01
-6.783018e+00,5.989811e+00,3.037190e+01
-8.675010e+00,6.034115e+00,6.700394e+00
-5.040981e+00,4.644799e+00,2.144489e+01
-4.834167e+00,6.647238e+00,3.045403e+01
-7.863439e+00,5.255329e+00,3.614045e+01
-6.722461e+00,5.745348e+00,2.766706e+01
-6.820066e+00,6.477996e+00,2.514113e+01
-7.656201e+00,6.380136e+00,5.327898e+00
-5.081446e+00,4.680276e+00,8.128364e-01
-6.070480e+00,6.780047e+00,6.643435e+00
-6.722659e+00,5.671853e+00,3.030040e+00
-6.203002e+00,6.288043e+00,2.983652e+01
-6.770885e+00,5.483489e+00,3.765781e+01
-5.306116e+00,5.053814e+00,3.096485e+01
-7.330885e+00,4.968496e+00,4.579578e+00
-6.538563e+00,6.027488e+00,2.424128e+01
-6.537314e+00,6.417444e+00,1.582931e+01
-4.782832e+00,5.740871e+00,2.331099e+01
-6.556566e+00,4.416890e+00,2.328035e+01
-7.801421e+00,5.312850e+00,1.596876e+01
-7.409366e+00,3.812280e+00,5.406168e+00
-6.468167e+00,4.220787e+00,9.848549e+00
-5.874660e+00,5.046164e+00,3.360415e+01
-6.971902e+00,3.227155e+00,2.866025e+00
-7.454426e+00,4.876075e+00,2.575008e+01
-6.482976e+00,4.597002e+00,3.832888e+01
-7.960495e+00,4.440117e+00,9.805510e+00
-7.885402e+00,4.558232e+00,2.954042e+01
-8.114557e+00,2.468956e+00,7.627829e+00
-6.658688e+00,4.327798e+00,3.989360e+01
-8.607232e+00,3.615698e+00,2.818976e+01
-6.634112e+00,5.189602e+00,1.305029e+00
-8.891788e+00,6.550849e+00,4.010519e+01
-7.562492e+00,5.221911e+00,2.630452e+01
-7.744096e+00,4.971924e+00,1.518153e+01
-8.183041e+00,3.731589e+00,1.642324e+01
-7.761112e+00,4.543631e+00,3.941251e+01
-8.680549e+00,5.252115e+00,1.239130e+01
-7.313322e+00,5.020081e+00,2.816226e+00
-9.079854e+00,5.237189e+00,1.855338e+01
-8.701631e+00,4.134833e+00,3.423817e+01
-8.912295e+00,3.616034e+00,3.374526e+01
-8.348362e+00,2.738902e+00,1.519957e+01
-8.724531e+00,4.913394e+00,1.105592e+01
-8.600408e+00,4.538612e+00,3.753659e+01
-9.332138e+00,3.652556e+00,3.959949e+01
-9.151880e+00,3.929378e+00,1.726862e+01
-1.103688e+01,3.809125e+00,7.869656e+00
-1.060235e+01,4.906615e+00,3.263635e+01
-1.054775e+01,3.960402e+00,-4.788724e-01
-8.162817e+00,3.311548e+00,3.194944e+01
-9.654917e+00,3.540376e+00,2.645631e+01
-1.064768e+01,3.755744e+00,2.686899e+01
-9.361692e+00,3.737689e+00,3.976527e+01
-8.231048e+00,2.875471e+00,3.660886e+01
-8.638594e+00,3.303216e+00,1.101592e+01
-1.031612e+01,2.945291e+00,1.323877e+01
-8.794361e+00,2.310839e+00,2.903686e+01
-9.625350e+00,4.280817e+00,8.079709e+00
-9.797381e+00,2.578357e+00,1.572116e+01
-9.738919e+00,2.045390e+00,8.733790e+00
-1.062615e+01,3.850418e+00,2.862997e+01
-1.077952e+01,1.715345e+00,2.025918e+01
-9.432911e+00,2.528668e+00,1.397590e+01
-8.505259e+00,3.383189e+00,8.608494e-01
-8.958569e+00,2.911667e+00,1.150006e+01
-1.019096e+01,2.717755e+00,8.378590e+00
-9.504304e+00,1.964640e+00,9.728540e+00
-1.092997e+01,1.813741e+00,1.803695e+01
-1.227671e+01,2.788634e+00,2.268352e+01
-1.002495e+01,2.063742e+00,6.379412e-01
-9.362218e+00,1.051308e+00,4.261154e-01
-8.683953e+00,4.214350e-01,3.280498e+00
-1.182720e+01,1.705753e+00,4.856697e+00
-1.179287e+01,1.959113e+00,2.043626e+01
-1.004474e+01,1.724303e+00,1.662046e+01
-1.172026e+01,1.012313e+00,8.903538e+00
-1.048435e+01,1.532453e+00,2.419931e+01
-1.055682e+01,3.913553e+00,1.852774e+01
-1.008438e+01,1.066016e+00,1.789556e+01
-1.061809e+01,7.414131e-02,3.967864e+00
-1.066546e+01,1.388170e+00,3.298530e+01
-1.222772e+01,1.546181e+00,2.952123e+01
-1.021088e+01,6.915283e-01,3.178563e+01
-1.205348e+01,1.577055e+00,6.576436e+00
-1.147639e+01,2.118023e+00,2.000174e+01
-1.059548e+01,3.036309e-01,3.415665e+00
-1.241689e+01,2.391975e-01,3.415660e+01
-1.151236e+01,1.456312e+00,2.871856e+01
-1.156053e+01,1.015702e+00,1.291184e+01
-1.095958e+01,9.689307e-01,3.153001e+01
-1.151283e+01,-5.251666e-01,1.517182e+01
-1.027807e+01,-1.593464e-01,9.980870e+00
-1.167186e+01,6.954907e-01,1.260759e+01
-1.391897e+01,2.290669e-01,2.364436e+01
-1.194829e+01,-1.365466e+00,4.033177e+01
-1.155205e+01,-2.003236e+00,2.240229e+01
-1.299453e+01,-5.072426e-01,1.304483e+01
-1.243228e+01,-6.565056e-01,4.053645e+01
-1.117846e+01,-4.267119e-01,2.780881e+01
-1.459357e+01,-9.261737e-01,2.693551e+01
-1.231576e+01,-1.642556e+00,3.557994e+01
-1.217453e+01,-7.002458e-01,1.185253e+01
-1.206095e+01,-6.189916e-01,3.382348e+01
-1.153102e+01,-7.868437e-01,9.010290e-01
-1.292238e+01,-2.171346e+00,2.791301e+01
-1.170800e+01,-2.335902e+00,1.432895e+01
-1.247791e+01,-2.973791e+00,3.400947e+01
-1.316341e+01,-2.091579e-02,1.793226e+01
-1.060796e+01,-1.855174e+00,9.201465e+00
-1.301728e+01,-2.043618e+00,3.553748e+01
-1.187374e+01,-1.880008e+00,1.036481e+01
-1.126421e+01,-1.773971e+00,-3.018663e-01
-1.199525e+01,-1.051428e+00,1.719742e+01
-1.154341e+01,-3.076210e+00,3.882490e+01
-1.281497e+01,-1.796021e+00,5.779875e+00
-1.379408e+01,-3.499444e+00,2.547937e+00
-1.212948e+01,-3.105212e+00,1.616162e+01
-1.296537e+01,-5.051080e+00,1.032555e+01
-1.267641e+01,-1.312392e+00,1.798174e+01
-1.199302e+01,-2.651241e+00,2.121743e+01
-1.409919e+01,-3.859446e+00,3.660580e+00
-1.188604e+01,-5.765508e+00,3.037634e+01
-1.248274e+01,-3.509483e+00,3.182402e+01
-1.293202e+01,-4.957574e+00,3.159037e+01
-1.290369e+01,-4.466713e+00,1.970597e+01
-1.370414e+01,-4.473802e+00,2.208802e+01
-1.296354e+01,-3.523046e+00,1.347525e+01
-1.410556e+01,-4.268140e+00,3.425889e+01
-1.448847e+01,-5.152878e+00,3.147867e+01
-1.333217e+01,-5.560431e+00,1.304379e+01
-1.218608e+01,-4.624640e+00,6.676019e+00
-1.200450e+01,-5.773011e+00,1.130928e+01
-1.164031e+01,-5.423510e+00,2.680534e+01
-1.221322e+01,-4.123297e+00,2.953392e+01
-1.307576e+01,-6.919726e+00,2.140590e+01
-1.303426e+01,-6.100713e+00,3.440741e+01
-1.133717e+01,-7.543892e+00,5.635267e+00
-1.238577e+01,-5.790498e+00,2.563961e+01
-1.082849e+01,-6.362577e+00,2.556666e+01
-1.255344e+01,-8.045154e+00,1.907015e+01
-1.253476e+01,-6.262697e+00,1.900755e+01
-1.155400e+01,-6.246686e+00,3.256259e+00
-1.336476e+01,-7.830917e+00,3.493514e+01
-1.092219e+01,-6.017069e+00,2.765589e+01
-1.214217e+01,-7.070339e+00,6.626747e+00
-1.426522e+01,-7.299266e+00,3.991133e+01
-1.316154e+01,-6.635864e+00,3.958516e+01
-1.097745e+01,-6.944540e+00,3.566807e+01
-1.107143e+01,-6.753937e+00,9.849489e+00
-1.091605e+01,-7.485685e+00,9.555990e+00
-1.198722e+01,-7.858341e+00,2.139460e+01
-1.406791e+01,-6.293723e+00,1.574144e+01
-1.302775e+01,-8.278772e+00,3.415657e+01
-1.164516e+01,-7.223941e+00,2.705555e+01
-1.182069e+01,-6.427155e+00,2.565693e+01
-1.091571e+01,-8.606605e+00,4.049692e+01
-1.195824e+01,-1.035558e+01,3.688463e+01
-1.159749e+01,-8.839959e+00,1.216983e+01
-1.233973e+01,-6.992764e+00,3.309037e+01
-1.213570e+01,-8.611767e+00,1.869155e+01
-1.107901e+01,-7.440019e+00,2.833174e+01
-1.096292e+01,-8.545139e+00,3.923391e+01
-1.060721e+01,-8.547295e+00,3.270692e+01
-1.136288e+01,-8.649606e+00,1.591803e+01
-1.242528e+01,-9.577818e+00,2.434546e+01
-1.146486e+01,-8.478730e+00,5.306942e+00
-1.137100e+01,-6.962264e+00,4.782655e+00
-1.102065e+01,-9.685564e+00,3.264613e+00
-1.036485e+01,-9.405328e+00,2.710611e+01
-1.117972e+01,-1.114725e+01,1.818528e+00
-1.279710e+01,-9.636044e+00,2.680284e+01
-1.087643e+01,-9.504922e+00,1.264131e+01
-1.098358e+01,-1.120850e+01,2.070999e+01
-1.106632e+01,-9.899478e+00,2.674295e+01
-1.259686e+01,-1.045284e+01,1.133834e+01
-1.008944e+01,-1.108919e+01,3.123231e+01
-9.148132e+00,-1.139751e+01,3.185555e+01
-1.118890e+01,-1.109450e+01,3.504378e+01
-9.500589e+00,-1.007844e+01,3.128284e+01
-1.161741e+01,-9.054144e+00,3.243439e+01
-9.902106e+00,-1.174037e+01,9.839954e+00
-1.022406e+01,-1.151133e+01,1.186230e+01
-9.868046e+00,-1.116638e+01,3.026898e+01
-1.006727e+01,-1.059916e+01,2.577321e+01
-1.057112e+01,-1.221466e+01,2.934342e+00
-9.759546e+00,-1.350046e+01,3.360646e+01
-9.364333e+00,-1.345890e+01,1.287431e+01
-9.900578e+00,-1.189204e+01,1.344736e+01
-9.542791e+00,-1.253832e+01,9.095455e+00
-9.736562e+00,-1.208322e+01,1.620240e+01
-8.270295e+00,-1.336209e+01,2.648477e+01
-9.053896e+00,-1.294382e+01,7.882791e+00
-1.044987e+01,-1.137819e+01,4.167323e+01
-9.823831e+00,-1.295918e+01,3.657043e+01
-9.805981e+00,-1.168637e+01,4.005421e+01
-9.625145e+00,-1.326412e+01,2.945113e+01
-9.974646e+00,-1.274935e+01,1.923521e+01
-8.111134e+00,-1.446567e+01,3.609465e+01
-9.719832e+00,-1.309703e+01,3.197449e+01
-9.134545e+00,-1.283371e+01,2.392394e+01
-9.940651e+00,-1.263791e+01,2.143515e+01
-8.111066e+00,-1.349701e+01,3.783344e+01
-1.027465e+01,-1.347836e+01,2.599461e+01
-1.000703e+01,-1.355750e+01,2.731142e+01
-8.133307e+00,-1.504970e+01,3.865049e+01
-8.532533e+00,-1.565284e+01,4.011307e+01
-7.454914e+00,-1.378974e+01,3.422334e+01
-9.429509e+00,-1.396582e+01,2.526187e+01
-6.367144e+00,-1.296857e+01,3.181573e-01
-9.018643e+00,-1.391842e+01,7.154166e+00
-8.022902e+00,-1.572103e+01,1.026603e+01
-7.031111e+00,-1.523100e+01,3.097358e+01
-7.834103e+00,-1.665674e+01,2.392546e+01
-7.177889e+00,-1.540217e+01,5.062094e+00
-6.610709e+00,-1.482599e+01,2.924788e+01
-7.325504e+00,-1.596094e+01,3.470549e+01
-7.521863e+00,-1.680423e+01,2.277629e+01
-8.761776e+00,-1.681277e+01,3.684874e+01
-7.904601e+00,-1.692064e+01,1.924102e+01
-7.700426e+00,-1.622237e+01,1.569319e+01
-5.839004e+00,-1.651908e+01,2.120228e-01
-5.231845e+00,-1.760943e+01,4.088672e+01
-5.996673e+00,-1.727656e+01,8.456714e+00
-7.577623e+00,-1.679091e+01,8.410405e+00
-6.114177e+00,-1.704657e+01,2.552578e+01
-6.257068e+00,-1.866670e+01,2.055799e+01
-5.599526e+00,-1.714926e+01,2.295210e+01
-8.523700e+00,-1.609504e+01,3.259898e+01
-5.803638e+00,-1.657467e+01,3.296317e+01
-5.808237e+00,-1.661921e+01,2.410423e+01
-7.259782e+00,-1.695568e+01,1.709372e+01
-5.110787e+00,-1.793107e+01,7.550131e+00
-6.114883e+00,-1.871615e+01,2.333660e+01
-5.823353e+00,-1.848403e+01,3.830801e+01
-5.371902e+00,-1.908348e+01,4.027102e+01
-4.001586e+00,-1.712029e+01,2.290066e+01
-4.363264e+00,-1.804811e+01,1.943058e+01
-5.120892e+00,-1.600623e+01,2.149128e+01
-4.734785e+00,-1.750127e+01,7.791971e-01
-4.228941e+00,-1.620444e+01,2.535895e+01
-4.366992e+00,-1.808710e+01,1.334173e+01
-3.696409e+00,-1.703209e+01,2.077458e+01
-3.662789e+00,-1.761479e+01,3.488853e+00
-2.922393e+00,-1.844274e+01,1.687296e+00
-4.174324e+00,-1.760647e+01,3.291660e+00
-2.642569e+00,-1.878342e+01,2.620611e+01
-2.460730e+00,-2.086050e+01,2.014403e+01
-1.626409e+00,-1.983891e+01,4.213239e-02
-3.595969e+00,-1.850532e+01,3.482003e+01
-1.124057e+00,-1.796722e+01,-8.034274e-02
-2.496077e+00,-1.874337e+01,3.503554e+01
-3.211681e+00,-1.722367e+01,3.903855e+01
-2.017701e+00,-2.027800e+01,1.345402e+01
-1.265546e-01,-2.088355e+01,2.501853e+01
-2.777767e+00,-1.966617e+01,7.862109e+00
-2.348717e+00,-1.932500e+01,6.771937e+00
-2.122635e+00,-1.825421e+01,3.514981e+01
-6.431697e-01,-1.948117e+01,1.300985e+01
5.718889e-01,-1.944872e+01,2.441296e+01
-8.452633e-01,-1.837918e+01,5.024850e+00
1.859236e-01,-1.984835e+01,1.555608e+01
-4.344013e-01,-1.952245e+01,1.258875e+01
1.240928e+00,-2.041650e+01,7.109372e+00
-3.153465e-01,-2.065707e+01,2.283351e+01
9.846134e-01,-1.891731e+01,-1.430524e+00
-1.158058e+00,-1.903760e+01,7.336619e+00
5.160214e-01,-1.757645e+01,3.608649e+01
1.774623e+00,-2.097145e+01,1.768703e+01
-1.137181e+00,-1.799251e+01,3.713225e+00
6.617580e-01,-1.809881e+01,2.982410e+01
1.355775e+00,-2.050139e+01,1.289361e+01
4.133376e-01,-2.063168e+01,3.666783e+01
3.008895e+00,-1.944758e+01,3.547585e+01
2.832826e+00,-2.084760e+01,7.313728e+00
1.311095e+00,-1.930770e+01,3.805633e+00
2.248234e+00,-2.206659e+01,8.921171e+00
7.864503e-01,-2.078918e+01,1.764061e+01
2.392651e+00,-1.946101e+01,2.644334e+01
3.888329e+00,-2.007839e+01,3.622100e+01
1.452163e+00,-1.958945e+01,1.576092e+01
3.284384e+00,-2.060780e+01,3.144841e+01
2.989200e+00,-2.038183e+01,2.020162e+01
3.268091e+00,-2.168381e+01,1.865929e+01
1.983094e+00,-2.097260e+01,1.504367e+01
3.715074e+00,-1.940441e+01,2.050663e+01
5.234875e+00,-1.984480e+01,8.330329e+00
4.354342e+00,-2.121319e+01,4.541566e+00
4.077868e+00,-1.974398e+01,2.865065e+01
4.568933e+00,-2.003569e+01,1.885108e+01
4.870314e+00,-1.938225e+01,2.561382e+01
3.617686e+00,-1.980470e+01,2.315604e+00
4.100612e+00,-1.829746e+01,3.031739e+01
7.032072e+00,-1.798513e+01,3.755627e+01
5.308420e+00,-1.881771e+01,1.041384e+01
5.128823e+00,-2.064004e+01,4.295937e+00
6.369985e+00,-2.050642e+01,3.302534e+01
8.109826e+00,-2.224256e+01,-1.541000e+00
6.077599e+00,-2.031190e+01,3.200745e+01
6.797841e+00,-2.162321e+01,3.187892e+01
4.923394e+00,-2.021521e+01,2.703253e+01
7.469571e+00,-1.970958e+01,3.509695e+01
6.653730e+00,-1.945942e+01,-2.237724e+00
8.131315e+00,-1.798662e+01,2.022678e+01
4.797372e+00,-1.888604e+01,1.179836e+01
6.594459e+00,-2.135870e+01,3.506180e+01
8.893573e+00,-2.010890e+01,1.703570e+01
5.821580e+00,-2.095254e+01,6.763901e+00
7.637129e+00,-2.049095e+01,3.004468e+01
9.788545e+00,-2.035119e+01,2.297068e+01
8.950354e+00,-1.954655e+01,2.024654e+01
8.609925e+00,-1.925300e+01,1.441623e+01
1.049560e+01,-1.988606e+01,2.248217e+00
9.089633e+00,-1.819275e+01,1.693729e+01
8.413765e+00,-1.960843e+01,6.300667e+00
9.748257e+00,-1.985448e+01,4.067090e+01
9.963923e+00,-2.054211e+01,9.441742e+00
1.042447e+01,-1.983873e+01,1.502223e+01
8.530385e+00,-1.919518e+01,2.592940e+01
1.110594e+01,-2.058095e+01,1.603609e+00
1.219083e+01,-1.899567e+01,1.617246e+01
1.048941e+01,-2.057468e+01,1.252630e+01
9.992117e+00,-1.845351e+01,1.793391e+00
1.127138e+01,-1.843068e+01,5.780160e+00
1.153729e+01,-1.865318e+01,3.951219e+01
1.063713e+01,-1.843018e+01,1.156645e+00
1.176114e+01,-1.872968e+01,2.087490e+01
1.101499e+01,-2.000748e+01,3.137635e+01
1.125564e+01,-1.861865e+01,7.482548e+00
1.210328e+01,-1.770746e+01,3.257896e-01
1.272222e+01,-1.835995e+01,2.374839e+01
1.184770e+01,-1.986889e+01,2.970512e+01
1.326062e+01,-1.960638e+01,1.640892e+01
1.335235e+01,-1.943646e+01,3.044733e+01
1.399617e+01,-1.501547e+01,2.694467e+01
1.435771e+01,-1.856881e+01,3.393139e+01
1.466933e+01,-1.898535e+01,3.903532e+01
1.228765e+01,-1.859971e+01,1.232915e+00
1.374170e+01,-1.776781e+01,2.375270e+00
1.286859e+01,-1.818731e+01,1.624239e+01
1.370484e+01,-1.856034e+01,1.555345e+01
1.671552e+01,-1.871394e+01,3.685151e+01
1.427367e+01,-1.852560e+01,2.000470e+01
1.570291e+01,-1.868901e+01,3.837606e+01
1.662835e+01,-1.809923e+01,7.675998e+00
1.537796e+01,-1.938623e+01,3.582839e+01
1.522950e+01,-1.722639e+01,2.768829e+01
1.398711e+01,-1.661625e+01,2.891260e+01
1.515929e+01,-1.726080e+01,2.676680e+01
1.520558e+01,-1.787419e+01,1.675565e+01
1.649869e+01,-1.456509e+01,3.689864e+01
1.439150e+01,-1.817212e+01,3.693019e+01
1.742884e+01,-1.551353e+01,1.588862e+01
1.347636e+01,-1.699012e+01,2.517017e+01
1.654413e+01,-1.565387e+01,1.941979e+01
1.717702e+01,-1.604982e+01,1.900294e+01
1.865226e+01,-1.631955e+01,6.790346e+00
1.925104e+01,-1.668373e+01,2.564071e+01
1.802934e+01,-1.504110e+01,2.557626e+01
1.741131e+01,-1.637260e+01,1.054591e+01
1.901986e+01,-1.474906e+01,3.603742e+01
1.858172e+01,-1.489546e+01,1.956930e+01
1.902814e+01,-1.561203e+01,3.232328e+01
1.869451e+01,-1.445827e+01,2.407901e+01
1.863783e+01,-1.518411e+01,1.562536e+00
2.010383e+01,-1.419938e+01,1.263825e+01
1.955618e+01,-1.481349e+01,1.827608e+01
1.863452e+01,-1.420891e+01,4.626160e+00
1.694555e+01,-1.379715e+01,2.368624e+01
1.889002e+01,-1.508483e+01,2.598022e+01
2.013533e+01,-1.378469e+01,1.278629e+01
2.007211e+01,-1.452744e+01,4.148888e+00
1.999438e+01,-1.330833e+01,1.594558e+01
2.198303e+01,-1.557437e+01,4.173490e+00
1.985866e+01,-1.401321e+01,9.794449e+00
2.055016e+01,-1.237419e+01,1.120921e+01
2.142732e+01,-1.482815e+01,2.786643e+01
1.875046e+01,-1.261454e+01,1.240881e+01
2.114680e+01,-1.427111e+01,1.698556e+01
2.144934e+01,-1.377881e+01,3.440982e+01
2.259618e+01,-1.230688e+01,2.988028e+01
2.236484e+01,-1.185238e+01,1.514937e+01
2.018239e+01,-1.069799e+01,6.831899e+00
2.109386e+01,-1.171779e+01,1.775085e+01
2.263873e+01,-1.173986e+01,3.205624e+01
2.098144e+01,-9.985101e+00,3.293753e+01
2.352857e+01,-1.216897e+01,1.762089e+01
2.149256e+01,-1.154966e+01,4.181301e+01
2.104088e+01,-1.253077e+01,1.743554e+01
2.469929e+01,-1.059878e+01,3.118545e+01
2.425149e+01,-9.789746e+00,2.277124e+01
2.275042e+01,-1.080752e+01,1.769671e+01
2.365051e+01,-1.070150e+01,2.472665e+01
2.283248e+01,-1.014721e+01,1.883420e+01
2.357160e+01,-1.081131e+01,2.770192e+01
2.265378e+01,-1.070710e+01,3.790914e+01
2.519382e+01,-1.038407e+01,1.964407e+01
2.308148e+01,-8.848329e+00,3.957804e+01
2.347151e+01,-8.419939e+00,1.772597e+01
2.479889e+01,-9.666426e+00,8.828731e+00
2.429523e+01,-9.623045e+00,2.768474e+01
2.509017e+01,-1.027419e+01,3.531664e+01
2.311725e+01,-8.152951e+00,1.622355e+01
2.385568e+01,-8.207024e+00,1.000934e+01
2.522455e+01,-7.181835e+00,4.011263e+01
2.394643e+01,-7.856706e+00,2.850226e+00
2.467356e+01,-7.694141e+00,2.222433e+01
2.617014e+01,-6.161728e+00,9.146058e+00
2.454857e+01,-7.177821e+00,5.671636e+00
2.469989e+01,-8.274613e+00,4.191794e+00
2.435373e+01,-5.843822e+00,2.623665e+01
2.545522e+01,-8.192022e+00,2.165026e+01
2.600245e+01,-6.862932e+00,2.186665e+01
2.619553e+01,-5.513830e+00,3.109732e+01
2.358255e+01,-5.941067e+00,3.379600e+01
2.505792e+01,-5.964671e+00,1.426061e+01
2.450367e+01,-3.703212e+00,1.469115e+01
2.613000e+01,-5.022844e+00,2.009271e+01
2.568054e+01,-7.114059e+00,9.413253e+00
2.819398e+01,-6.116016e+00,1.371727e+01
2.647033e+01,-5.418761e+00,3.343225e+01
2.532817e+01,-4.991358e+00,2.383754e+01
2.451295e+01,-4.199255e+00,3.680701e+01
2.595699e+01,-4.634860e+00,4.332698e+00
2.561210e+01,-3.353349e+00,8.743407e+00
2.567591e+01,-2.060383e+00,4.678460e+00
2.697660e+01,-4.371959e+00,8.154848e+00
2.779174e+01,-2.305693e+00,1.038166e+01
2.698518e+01,-1.385139e+00,3.849657e+01
2.606880e+01,-4.232516e+00,3.141292e+01
2.876042e+01,-1.617489e+00,1.235932e+01
2.705126e+01,-1.470782e+00,3.742546e+01
2.683252e+01,-2.303803e+00,3.113053e+01
2.816693e+01,-2.159018e+00,2.441970e+01
2.680061e+01,-1.783754e+00,2.405185e+01
2.632483e+01,-2.204160e-01,2.573189e+01
2.706810e+01,-1.234611e+00,1.305013e+01
2.751429e+01,-9.348325e-01,2.872059e+01
2.820250e+01,1.271058e+00,2.395121e+01
2.553638e+01,-8.095389e-01,3.574280e+01
2.535771e+01,1.410288e+00,3.190738e+01
2.848977e+01,3.093079e+00,1.362039e+01
2.883648e+01,-1.044052e+00,2.726784e+01
2.839243e+01,5.949039e-01,3.617369e+01
2.721491e+01,-7.461074e-03,3.845438e+01
2.711930e+01,8.851900e-01,1.113955e+01
2.735538e+01,2.939316e-01,1.986402e+01
2.776207e+01,1.681422e+00,2.386600e+01
2.777876e+01,1.600850e+00,1.875971e+01
2.764696e+01,2.521195e+00,2.778036e+01
2.810079e+01,4.276280e+00,3.044828e+01
2.676511e+01,4.028352e+00,2.626006e+01
2.698372e+01,3.214506e+00,3.453681e+00
2.716896e+01,2.906962e+00,3.599184e+01
2.854932e+01,2.100135e+00,3.242395e+01
2.643669e+01,4.181748e+00,5.237441e+00
2.832666e+01,3.972868e+00,3.199633e+01
2.598278e+01,3.756632e+00,1.347366e+01
2.880525e+01,5.345555e+00,1.498790e+01
2.722201e+01,4.979007e+00,1.262551e+01
2.836960e+01,5.681109e+00,2.298298e+01
2.801526e+01,6.931711e+00,3.642556e+01
2.990213e+01,4.821603e+00,2.356539e+01
2.821391e+01,7.643021e+00,3.315457e+01
2.656181e+01,6.086939e+00,2.427885e+01
2.836013e+01,4.933121e+00,1.660828e+01
2.696725e+01,6.578348e+00,6.866295e+00
2.778692e+01,6.456922e+00,2.924831e+01
2.752116e+01,8.649702e+00,1.578182e+01
3.052873e+01,6.745868e+00,2.535820e+01
2.814138e+01,7.521541e+00,1.080050e+01
2.809687e+01,9.464857e+00,3.605216e+01
2.790603e+01,6.024712e+00,1.852444e+01
2.843529e+01,9.532856e+00,3.769180e+01
2.662054e+01,8.527593e+00,1.265503e+01
2.681332e+01,8.565553e+00,1.197249e+01
2.682696e+01,8.991276e+00,3.546121e+01
2.762100e+01,8.711260e+00,3.703785e+01
2.672468e+01,8.137108e+00,3.429326e+01
2.638825e+01,1.163884e+01,2.553110e+01
2.682795e+01,1.035533e+01,2.507207e+01
2.870096e+01,1.276280e+01,3.772126e+01
2.893500e+01,1.270942e+01,2.973291e+01
2.806241e+01,1.188270e+01,7.436259e+00
2.736279e+01,1.001822e+01,2.209790e+01
2.803741e+01,1.318321e+01,1.130179e+01
2.651387e+01,1.139956e+01,1.623494e+01
2.727614e+01,1.168415e+01,3.000057e+01
2.727172e+01,1.463518e+01,1.282712e+01
2.521915e+01,1.310351e+01,9.545823e+00
2.645070e+01,1.403559e+01,2.979507e+01
2.623989e+01,1.185482e+01,2.063719e+01
2.770215e+01,1.324602e+01,2.779144e+01
2.472935e+01,1.384970e+01,1.736492e+01
2.551757e+01,1.458112e+01,1.401337e+01
2.719270e+01,1.479441e+01,6.572423e+00
2.591361e+01,1.474284e+01,9.042409e+00
2.722069e+01,1.311869e+01,1.318484e+01
2.793900e+01,1.456829e+01,3.431471e+01
2.640255e+01,1.377396e+01,1.419511e+01
2.601377e+01,1.755069e+01,1.511887e+01
2.497118e+01,1.606663e+01,2.035330e+01
2.603811e+01,1.715271e+01,1.433497e+01
2.546539e+01,1.376480e+01,3.916465e+01
2.300623e+01,1.755110e+01,6.645868e+00
2.466189e+01,1.659512e+01,2.547221e+01
2.482748e+01,1.813633e+01,9.907922e+00
2.467531e+01,1.657607e+01,2.476507e+01
2.441317e+01,2.003109e+01,1.235462e+01
2.429693e+01,1.857109e+01,2.077749e+01
2.311817e+01,1.787776e+01,1.027997e+01
2.473639e+01,1.822657e+01,2.978515e+01
2.543446e+01,1.939571e+01,3.914750e+01
2.341553e+01,1.834896e+01,2.445317e+01
2.323450e+01,1.970419e+01,1.151625e+01
2.388216e+01,1.771011e+01,3.672489e+01
2.456240e+01,1.972913e+01,8.368585e+00
2.491332e+01,2.092515e+01,7.829517e+00
2.372117e+01,2.087957e+01,2.135233e+01
2.364379e+01,1.894046e+01,2.517782e+01
2.196471e+01,2.039868e+01,1.732532e-01
2.169857e+01,2.193942e+01,2.821179e+01
2.471931e+01,2.114742e+01,3.311154e+01
2.133163e+01,2.000409e+01,1.436228e+01
2.317318e+01,2.200900e+01,3.510705e+00
2.151490e+01,2.031980e+01,3.005811e+01
2.257436e+01,2.234089e+01,1.223059e+01
2.176235e+01,2.114955e+01,2.504903e+01
2.276742e+01,2.131192e+01,2.247150e+01
1.977490e+01,2.147970e+01,2.562165e+01
2.218674e+01,2.426929e+01,1.691733e+01
2.244972e+01,2.356154e+01,9.706027e+00
2.224646e+01,2.216551e+01,3.574584e+01
2.221190e+01,2.364204e+01,2.837912e+00
1.928854e+01,2.425611e+01,1.042656e+01
2.130977e+01,2.459808e+01,3.111939e+01
2.290624e+01,2.328233e+01,8.244186e+00
1.870592e+01,2.647124e+01,5.198131e-01
2.070614e+01,2.571300e+01,1.296796e+01
1.852709e+01,2.431063e+01,3.720911e+01
2.081611e+01,2.409457e+01,3.323400e+01
1.952747e+01,2.608430e+01,1.965384e+01
1.955568e+01,2.519852e+01,1.720188e+01
2.160603e+01,2.892757e+01,2.188737e+01
1.906294e+01,2.578622e+01,2.023463e+01
1.594536e+01,2.590198e+01,2.417246e+01
1.929225e+01,2.385276e+01,3.372839e+01
1.923184e+01,2.558728e+01,3.939884e+01
1.893896e+01,2.652432e+01,2.427409e+01
1.874974e+01,2.812366e+01,-9.447710e-02
1.837722e+01,2.708886e+01,2.621585e+01
1.685127e+01,2.591717e+01,1.536040e+01
1.710408e+01,2.553534e+01,6.832509e+00
1.811816e+01,2.816637e+01,2.469126e+01
1.587352e+01,2.871590e+01,2.206689e+01
1.601540e+01,2.835556e+01,2.839620e+01
1.558788e+01,2.872487e+01,8.512394e+00
1.718611e+01,2.880382e+01,2.125979e+01
1.592674e+01,2.985421e+01,4.347026e+00
1.576627e+01,2.780135e+01,6.224355e+00
1.336732e+01,2.853556e+01,3.075692e+01
1.403585e+01,2.933308e+01,1.646160e+01
1.495648e+01,2.961782e+01,1.450496e+01
1.414288e+01,3.029399e+01,5.335140e+00
1.393480e+01,3.083153e+01,3.860896e+01
1.436082e+01,3.126333e+01,3.327636e+01
1.489934e+01,2.962358e+01,4.722596e+00
1.364459e+01,3.082653e+01,3.334305e+01
1.338815e+01,3.050924e+01,8.572870e+00
1.291087e+01,2.910382e+01,2.397253e+00
1.267484e+01,3.101989e+01,3.250593e+01
1.384750e+01,3.024124e+01,2.080793e+01
1.401026e+01,3.256492e+01,1.481830e+01
1.163331e+01,3.172481e+01,3.812575e+01
1.374719e+01,3.165248e+01,4.045649e+01
9.580564e+00,3.381336e+01,1.437093e+01
1.012297e+01,3.248251e+01,2.303250e+01
1.070783e+01,3.442238e+01,2.708388e+01
1.017350e+01,3.025308e+01,2.739168e+01
9.874189e+00,3.151092e+01,1.149193e+01
1.092640e+01,3.124348e+01,3.537146e+01
8.811832e+00,3.282013e+01,3.263896e+01
9.177086e+00,3.402048e+01,5.115346e+00
1.113962e+01,3.436771e+01,3.559586e+01
7.808345e+00,3.345073e+01,2.944830e+01
7.809391e+00,3.252866e+01,2.628954e+01
8.588241e+00,3.231722e+01,8.159487e+00
7.639316e+00,3.442565e+01,3.894960e+01
8.391410e+00,3.387321e+01,2.232974e+01
8.741637e+00,3.294515e+01,1.866244e+01
6.942502e+00,3.386926e+01,4.254742e+00
6.601486e+00,3.319470e+01,2.043085e+01
6.708892e+00,3.441898e+01,3.760879e+01
7.770687e+00,3.348173e+01,7.937029e+00
6.435123e+00,3.455667e+01,2.767296e+01
6.555458e+00,3.307661e+01,3.021514e+01
5.415754e+00,3.489499e+01,4.928054e+00
4.848059e+00,3.439270e+01,2.529269e+01
5.126187e+00,3.504827e+01,4.578331e+00
4.367895e+00,3.477454e+01,3.981770e+01
4.279067e+00,3.579300e+01,3.385895e+01
3.977343e+00,3.543959e+01,3.980040e+01
4.649275e+00,3.444360e+01,1.738221e+01
2.913651e+00,3.538912e+01,8.564977e+00
2.611799e+00,3.389359e+01,5.007210e+00
2.371146e+00,3.290525e+01,1.912041e+01
2.644921e+00,3.604335e+01,1.256151e+01
1.246128e+00,3.543898e+01,2.891419e+01
2.334218e+00,3.629706e+01,7.981484e+00
1.150411e+00,3.468857e+01,1.161367e+01
1.379021e+00,3.497403e+01,3.644112e+01
5.534998e-01,3.463255e+01,1.376887e+01
-3.395944e-01,3.507722e+01,1.495195e+01
-1.667951e-02,3.319445e+01,1.597631e+01
1.048232e+00,3.567222e+01,3.803131e+01
6.275496e-01,3.537695e+01,2.462936e+01
1.223141e+00,3.527092e+01,3.718680e+01
-4.034295e-01,3.727114e+01,2.344337e+01
-1.930971e+00,3.467824e+01,1.530343e+01
-4.437033e-01,3.469478e+01,3.206220e+00
-3.354556e+00,3.734628e+01,2.308134e+01
-2.048953e+00,3.477509e+01,4.094483e+01
-3.421971e+00,3.431253e+01,1.104114e+01
-4.440684e+00,3.644869e+01,3.069116e+01
-3.868784e+00,3.510730e+01,9.551834e+00
-2.402657e+00,3.618691e+01,3.021364e+01
-3.980510e+00,3.569686e+01,4.561335e+00
-4.472322e+00,3.535048e+01,2.014202e+01
-3.445934e+00,3.601807e+01,5.538734e+00
-5.674423e+00,3.632846e+01,2.047236e+01
-6.177697e+00,3.687874e+01,3.691942e+01
-5.002053e+00,3.536185e+01,6.491850e+00
-6.042458e+00,3.706232e+01,2.877763e+01
-6.317963e+00,3.631668e+01,3.129059e+01
-5.789199e+00,3.594700e+01,3.930758e+00
-5.203347e+00,3.581953e+01,3.191960e+00
-9.437740e+00,3.404137e+01,1.286710e+01
-6.026802e+00,3.716483e+01,3.653549e+01
-6.768998e+00,3.691723e+01,8.088936e+00
-6.941278e+00,3.613369e+01,6.690400e+00
-9.547984e+00,3.461203e+01,1.856643e+01
-9.042428e+00,3.502366e+01,-6.126728e-01
-9.423627e+00,3.615363e+01,3.258180e+01
-9.388018e+00,3.518653e+01,5.831877e+00
-9.994235e+00,3.350241e+01,2.931115e+01
-1.289858e+01,3.642660e+01,1.290904e+01
-1.098204e+01,3.461077e+01,3.314766e+01
-1.025409e+01,3.403845e+01,6.032771e+00
-1.148930e+01,3.611610e+01,3.945054e+01
-1.163336e+01,3.299173e+01,2.958622e+01
-1.292741e+01,3.402065e+01,2.879097e+01
-1.183572e+01,3.510839e+01,9.882120e+00
-1.201126e+01,3.314460e+01,1.590036e+00
-1.165176e+01,3.227590e+01,3.334951e+01
-1.554579e+01,3.604772e+01,2.579435e+01
-1.387564e+01,3.566165e+01,1.782885e+01
-1.506520e+01,3.476050e+01,3.743647e+01
-1.355661e+01,3.578214e+01,3.216807e+01
-1.463160e+01,3.454857e+01,2.705605e+01
-1.436811e+01,3.479715e+01,1.621718e+01
-1.393450e+01,3.462089e+01,5.160234e+00
-1.419706e+01,3.334405e+01,2.010062e+01
-1.435325e+01,3.334504e+01,9.846642e-01
-1.681387e+01,3.341257e+01,1.575245e+01
-1.645680e+01,3.445727e+01,2.697594e+01
-1.634647e+01,3.178284e+01,7.863110e+00
-1.720032e+01,3.279424e+01,2.156258e+01
-1.670001e+01,3.159809e+01,1.622960e+00
-1.618128e+01,3.174588e+01,4.006011e+01
-1.816311e+01,3.293726e+01,1.010144e+01
-1.783015e+01,3.344103e+01,1.413467e+01
-1.800555e+01,3.322306e+01,2.468467e+01
-2.047963e+01,3.376094e+01,1.724904e+01
-2.083039e+01,3.265394e+01,1.488089e+01
-1.833659e+01,3.410969e+01,3.473420e+01
-2.001850e+01,3.182978e+01,2.703026e+01
-1.867238e+01,3.256579e+01,2.319602e+01
-1.963147e+01,3.083301e+01,7.199024e+00
-2.173172e+01,3.165010e+01,3.602913e+01
-2.150179e+01,3.110601e+01,4.635605e+00
-2.172152e+01,3.413843e+01,1.957862e+01
-2.203330e+01,3.215385e+01,2.309419e+01
-2.282060e+01,3.018319e+01,1.898920e+01
-2.173786e+01,3.277395e+01,3.642335e+01
-2.208627e+01,3.100721e+01,2.569635e+01
-2.270174e+01,3.155174e+01,1.296963e+00
-2.348373e+01,3.076339e+01,2.611480e+01
-2.349096e+01,3.146241e+01,1.735160e+01
-2.347867e+01,3.050059e+01,2.797166e+00
-2.484738e+01,3.078557e+01,2.059028e+01
-2.337995e+01,3.023515e+01,2.237389e+00
-2.528300e+01,2.829173e+01,1.448459e+01
-2.450716e+01,2.973047e+01,1.113568e+01
-2.594887e+01,2.982420e+01,2.810214e+01
-2.488278e+01,2.806288e+01,1.249452e+01
-2.626569e+01,2.834906e+01,1.325604e+01
-2.744323e+01,2.924804e+01,3.830984e+01
-2.784129e+01,2.946771e+01,4.813429e+00
-2.555412e+01,2.734014e+01,3.166282e+01
-2.645965e+01,2.847107e+01,2.799613e+01
-2.751266e+01,2.897211e+01,3.143365e+01
-2.803320e+01,2.713928e+01,1.267298e+01
-2.755658e+01,2.899662e+01,2.474795e+00
-2.817379e+01,2.778411e+01,1.587055e+01
-2.923074e+01,2.677204e+01,3.469530e+01
-2.666943e+01,2.641316e+01,6.206148e+00
-2.804415e+01,2.704469e+01,3.585289e+01
-2.983780e+01,2.493227e+01,1.215067e+01
-2.907333e+01,2.683756e+01,-1.731722e+00
-3.098286e+01,2.506141e+01,3.502879e+01
-2.916051e+01,2.574367e+01,2.452210e+01
-2.945373e+01,2.707382e+01,3.158898e+01
-3.021966e+01,2.496313e+01,3.947650e+01
-3.175735e+01,2.580012e+01,3.579720e+01
-3.010078e+01,2.625943e+01,3.371347e+01
-3.348159e+01,2.489784e+01,8.459819e+00
-3.089041e+01,2.282217e+01,1.478240e+00
-3.042461e+01,2.490124e+01,3.591703e+01
-3.191480e+01,2.414556e+01,2.719572e+01
-3.312582e+01,2.569169e+01,1.060399e+01
-3.158392e+01,2.487293e+01,3.343869e+00
-3.146101e+01,2.296293e+01,9.303051e+00
-3.355725e+01,2.340226e+01,3.186894e+01
-3.367213e+01,2.105350e+01,1.987381e+01
-3.325774e+01,2.155141e+01,2.386956e+01
-3.348045e+01,2.013848e+01,5.177553e+00
-3.495363e+01,2.046348e+01,1.669765e+01
-3.363389e+01,2.018959e+01,1.206736e+01
-3.534031e+01,2.195255e+01,4.048602e+00
-3.482643e+01,2.008512e+01,2.106544e+01
-3.513320e+01,2.012010e+01,1.422191e+01
-3.578836e+01,1.885472e+01,3.221526e+01
-3.327159e+01,1.881522e+01,3.143883e+00
-3.598000e+01,1.998921e+01,5.783096e+00
-3.530263e+01,2.022878e+01,9.397536e+00
-3.706498e+01,1.667898e+01,1.624276e+01
-3.585247e+01,1.616745e+01,2.533856e+01
-3.795587e+01,1.917621e+01,1.231400e+01
-3.719876e+01,1.618569e+01,2.746539e+01
-3.630256e+01,1.715909e+01,2.651080e+01
-3.333641e+01,1.719637e+01,5.082642e+00
-3.730734e+01,1.639378e+01,3.578044e+01
-3.667859e+01,1.576388e+01,7.658744e+00
-3.820479e+01,1.600912e+01,2.784091e+01
-3.832199e+01,1.691148e+01,3.778085e+00
-3.845474e+01,1.667064e+01,5.077236e+00
-3.765691e+01,1.342821e+01,9.014609e+00
-3.715156e+01,1.477257e+01,9.491197e+00
-4.080560e+01,1.420480e+01,3.512074e+01
-3.787390e+01,1.594679e+01,3.785343e+01
-4.000139e+01,1.324163e+01,3.073914e+01
-3.891236e+01,1.329622e+01,1.742123e+01
-3.889070e+01,1.325721e+01,3.532784e+01
-3.892172e+01,1.215158e+01,2.866696e+01
-3.923562e+01,1.371254e+01,7.028648e+00
-3.956878e+01,1.102107e+01,2.962548e+01
-4.120468e+01,1.265251e+01,3.100062e+00
-3.868349e+01,9.925045e+00,2.769953e+01
-4.096387e+01,1.201129e+01,3.656639e+01
-3.837700e+01,9.268911e+00,1.802758e+01
-4.066800e+01,9.525612e+00,1.963907e-01
-4.028598e+01,1.066152e+01,4.052516e+01
-4.158363e+01,1.047400e+01,3.355389e+01
-4.242581e+01,1.022084e+01,1.322237e+01
-4.143043e+01,6.744662e+00,4.679902e+00
-4.255676e+01,8.262869e+00,1.914172e+01
-4.087112e+01,7.851872e+00,2.140419e+01
-4.118288e+01,8.836535e+00,1.196722e+01
-4.279528e+01,7.876181e+00,2.140093e+01
-4.485807e+01,7.444411e+00,2.432187e+01
-4.282024e+01,8.477185e+00,8.547547e+00
-4.255337e+01,6.667352e+00,3.514165e+01
-4.124186e+01,7.186599e+00,2.660843e+01
-4.133313e+01,6.064905e+00,1.422451e+01
-4.102665e+01,5.840261e+00,4.039112e+01
-4.101423e+01,7.248700e+00,1.328492e+01
-4.176132e+01,6.107438e+00,1.790088e+01
-4.299400e+01,3.863737e+00,1.928279e+01
-4.340641e+01,4.504198e+00,1.329873e+01
-4.214648e+01,4.925559e+00,2.391717e+00
-4.238483e+01,4.914820e+00,3.552002e+00
-4.312046e+01,2.225732e+00,8.716837e+00
-4.364457e+01,2.559104e+00,3.729636e+01
-4.133287e+01,3.763040e+00,1.523394e+00
-4.297391e+01,1.380570e+00,3.421377e+01
-4.135697e+01,7.401184e-01,1.839170e+01
-4.284494e+01,3.639976e-01,4.769816e+00
-4.416683e+01,1.023617e+00,1.407781e+01
-4.391863e+01,-1.433109e+00,2.820785e+01
-4.196371e+01,8.403549e-01,1.688316e+01
-4.306800e+01,-1.361863e+00,1.769498e+01
-4.304037e+01,-2.614293e-01,3.769904e+01
-4.228381e+01,-7.831156e-01,2.862098e+01
-4.335488e+01,-8.445380e-01,3.967416e+00
-4.337955e+01,-2.354987e+00,3.203746e+01
-4.396516e+01,-1.766693e+00,1.556289e+01
-4.278354e+01,-2.997993e+00,1.509667e+01
-4.312139e+01,-3.426548e+00,2.278434e+01
-4.277788e+01,-3.274664e+00,5.171733e+00
-4.110943e+01,-4.370356e+00,2.909718e+01
-4.213956e+01,-5.506426e+00,2.598253e+01
-4.392540e+01,-4.644877e+00,3.164792e+01
-4.459608e+01,-5.898612e+00,6.094496e+00
-4.351901e+01,-4.762152e+00,1.748430e+01
-4.563631e+01,-6.833972e+00,3.185929e+01
-4.437229e+01,-8.205155e+00,2.868196e+01
-4.546829e+01,-7.866028e+00,1.624476e+01
-4.380805e+01,-8.906540e+00,2.814720e+01
-4.301389e+01,-7.335069e+00,1.648860e+01
-4.331750e+01,-9.483151e+00,1.365284e+01
-4.216121e+01,-9.369356e+00,2.315222e+01
-4.326396e+01,-8.065709e+00,3.367452e+01
-4.311043e+01,-9.370112e+00,2.473267e+01
-4.187615e+01,-9.903033e+00,2.984432e+01
-4.354760e+01,-9.829649e+00,1.369963e+01
-4.340603e+01,-1.108493e+01,1.184155e+01
-4.121543e+01,-9.218144e+00,1.616853e+01
-4.356346e+01,-1.131085e+01,2.932103e+01
-4.479041e+01,-1.188042e+01,2.840832e+01
-4.317672e+01,-1.175113e+01,3.795190e+01
-4.210366e+01,-1.380403e+01,2.310943e+01
-4.321176e+01,-1.177870e+01,3.097324e+01
-4.238072e+01,-1.335584e+01,-1.261869e+00
-4.271341e+01,-1.401003e+01,2.564845e+01
-4.159355e+01,-1.347003e+01,3.512263e+01
-4.248549e+01,-1.464340e+01,1.326718e+01
-4.065420e+01,-1.477440e+01,8.596387e+00
-4.234396e+01,-1.513151e+01,2.280749e+01
-4.335885e+01,-1.556085e+01,3.612207e+01
-4.164145e+01,-1.668806e+01,9.819213e+00
-4.152792e+01,-1.643643e+01,2.201176e+01
-4.145814e+01,-1.762215e+01,9.515608e+00
-4.163008e+01,-1.664938e+01,1.624209e+01
-4.012853e+01,-1.592211e+01,2.731538e+01
-4.208260e+01,-1.831386e+01,2.370349e+01
-3.981357e+01,-1.802377e+01,3.877665e+00
-4.215968e+01,-1.809751e+01,4.609987e+00
-4.101599e+01,-2.044412e+01,1.878131e+01
-4.092659e+01,-1.947269e+01,2.038995e+01
-4.062997e+01,-2.140637e+01,2.730041e+01
-4.108965e+01,-2.075164e+01,1.053681e+01
-4.083069e+01,-2.014844e+01,8.896175e+00
-4.001296e+01,-2.122239e+01,1.813314e+00
-3.962154e+01,-2.277500e+01,1.580481e+01
-3.961059e+01,-2.228483e+01,2.431026e+01
-4.066716e+01,-2.253946e+01,3.441367e+01
-3.827907e+01,-2.330766e+01,1.494363e+01
-3.970786e+01,-2.213898e+01,3.054816e+01
-3.957413e+01,-2.432811e+01,3.097407e+00
-3.791094e+01,-2.361624e+01,3.068401e+00
-3.787343e+01,-2.519075e+01,2.778776e+01
-4.021018e+01,-2.524667e+01,3.422198e+01
-3.972585e+01,-2.394884e+01,2.761901e+01
-3.899212e+01,-2.488837e+01,3.068970e+01
-3.661125e+01,-2.601361e+01,4.686190e+00
-3.638789e+01,-2.450032e+01,7.365583e+00
-3.821409e+01,-2.698520e+01,2.890585e+01
-3.693377e+01,-2.616849e+01,1.129438e+01
-3.868805e+01,-2.620646e+01,2.932760e+01
-3.730518e+01,-2.863762e+01,2.673265e+01
-3.554218e+01,-2.926519e+01,1.534523e+00
-3.608605e+01,-2.741853e+01,2.039960e+01
-3.737588e+01,-2.736715e+01,3.543319e+01
-3.478841e+01,-2.881655e+01,3.603691e+01
-3.702338e+01,-2.975674e+01,2.732254e+01
-3.634253e+01,-3.058234e+01,2.378035e+00
-3.649107e+01,-3.137367e+01,1.356399e+01
-3.595921e+01,-2.955687e+01,3.636393e+01
-3.436073e+01,-3.002312e+01,3.691672e+01
-3.400933e+01,-2.862754e+01,3.404850e+01
-3.540702e+01,-3.135169e+01,1.622230e+01
-3.350469e+01,-3.036210e+01,3.470563e+01
-3.506744e+01,-3.241148e+01,2.090078e+01
-3.445624e+01,-3.247897e+01,2.920106e+01
-3.313684e+01,-3.304908e+01,1.643989e+01
-3.410455e+01,-3.261266e+01,2.360706e+01
-3.390606e+01,-3.379886e+01,2.128547e+01
-3.302421e+01,-3.412364e+01,5.039519e+00
-3.421870e+01,-3.435448e+01,3.409586e+01
-3.325149e+01,-3.430281e+01,2.359721e+01
-3.126080e+01,-3.422237e+01,3.931679e+01
-3.126150e+01,-3.547406e+01,2.233507e+01
-3.283335e+01,-3.474535e+01,2.171766e+01
-3.127075e+01,-3.471994e+01,3.643447e+01
-3.357450e+01,-3.602815e+01,3.790412e+01
-3.024764e+01,-3.734718e+01,3.459246e+01
-3.085331e+01,-3.664456e+01,2.248985e+01
-3.021019e+01,-3.613141e+01,1.441809e+01
-2.907123e+01,-3.886627e+01,3.784154e+01
-3.074927e+01,-3.647808e+01,3.174813e+00
-2.864950e+01,-3.873301e+01,2.230581e+01
-2.825427e+01,-3.682868e+01,2.627891e+00
-2.943089e+01,-3.850698e+01,2.271829e+01
-2.759612e+01,-3.694195e+01,3.596548e+01
-3.133217e+01,-3.848630e+01,3.102005e+01
-2.688301e+01,-3.799777e+01,2.048700e+01
-2.867747e+01,-4.153495e+01,3.211712e+01
-2.486693e+01,-3.832856e+01,1.797234e+01
-2.543327e+01,-3.979872e+01,3.016593e+00
-2.316784e+01,-3.971289e+01,4.058591e+00
-2.622942e+01,-4.117905e+01,9.726361e+00
-2.492463e+01,-3.969691e+01,1.434902e+01
-2.410839e+01,-4.114769e+01,7.324567e+00
-2.368826e+01,-4.250399e+01,1.157522e+00
-2.498723e+01,-4.223218e+01,2.963727e+01
-2.558232e+01,-4.090278e+01,2.547750e+01
-2.510970e+01,-4.064313e+01,2.756990e+01
-2.213876e+01,-4.259185e+01,4.016613e+01
-2.306169e+01,-4.384106e+01,1.562808e+01
-2.209955e+01,-4.210236e+01,1.661033e+01
-2.309988e+01,-4.295294e+01,2.268783e+01
-2.234929e+01,-4.210851e+01,2.334678e+01
-2.230087e+01,-4.457153e+01,3.586016e+01
-1.987763e+01,-4.496561e+01,3.036407e+00
-2.029530e+01,-4.265316e+01,3.261199e+01
-2.192130e+01,-4.485447e+01,4.038705e+00
-1.829957e+01,-4.337646e+01,1.169142e+01
-1.916504e+01,-4.496890e+01,6.316443e+00
-1.863170e+01,-4.364007e+01,2.300840e+00
-1.649421e+01,-4.546578e+01,2.948403e+01
-1.868331e+01,-4.678812e+01,2.440529e+01
-1.963019e+01,-4.418567e+01,-9.201856e-01
-1.685881e+01,-4.707615e+01,1.666709e+01
-1.640785e+01,-4.650884e+01,1.395116e+01
-1.557721e+01,-4.562907e+01,3.861512e+01
-1.763114e+01,-4.518729e+01,3.349472e+01
-1.742375e+01,-4.636681e+01,3.630094e+00
-1.431104e+01,-4.627394e+01,1.364133e+00
-1.471216e+01,-4.762830e+01,3.658314e+01
-1.474397e+01,-4.732115e+01,3.033036e+00
-1.463019e+01,-4.837689e+01,3.790471e+01
-1.263430e+01,-4.759336e+01,9.071424e-01
-1.359586e+01,-4.541735e+01,9.354081e+00
-1.311331e+01,-4.889019e+01,2.991797e+00
-1.255434e+01,-4.609606e+01,2.270502e+01
-1.267422e+01,-4.959727e+01,3.005455e+01
-9.993598e+00,-4.803821e+01,3.778729e+01
-1.162073e+01,-5.036912e+01,1.259280e+01
-1.158540e+01,-4.853568e+01,1.145745e+01
-1.148457e+01,-4.851173e+01,2.469727e+01
-1.133188e+01,-4.916782e+01,9.540273e+00
-8.933499e+00,-4.890710e+01,1.556376e+01
-9.282588e+00,-4.932575e+01,9.950213e+00
-9.274082e+00,-4.894398e+01,3.185870e+01
-7.223696e+00,-4.847290e+01,3.223838e+01
-7.712433e+00,-4.899007e+01,2.461692e+00
-8.358720e+00,-4.890044e+01,5.099511e+00
-6.504833e+00,-4.832679e+01,2.657974e-01
-5.591199e+00,-4.962502e+01,3.396056e+01
-6.700059e+00,-5.054065e+01,3.672335e+01
-6.629738e+00,-5.014068e+01,1.260911e+01
-4.021437e+00,-5.114874e+01,2.103301e+01
-6.172633e+00,-5.083622e+01,2.204255e+01
-3.930349e+00,-5.026295e+01,4.554573e+00
-5.685703e+00,-5.118682e+01,7.691030e+00
-3.511556e+00,-5.140471e+01,3.258811e+01
-3.497826e+00,-5.071825e+01,1.370978e+01
-3.745016e+00,-5.114577e+01,5.779139e+00
-2.418132e+00,-5.079954e+01,3.548956e+01
-1.716187e+00,-4.933620e+01,2.005504e+01
9.945306e-02,-5.088688e+01,5.397558e+00
-1.122570e+00,-4.977983e+01,2.077200e+01
-3.414783e-01,-5.135518e+01,2.091139e+01
-2.569580e-01,-5.066256e+01,3.190207e+01
-1.084082e-01,-5.210580e+01,9.366375e+00
-3.161146e-01,-5.285313e+01,3.405069e+01
-9.819253e-01,-5.050959e+01,5.117246e+00
1.373953e-01,-5.180962e+01,1.082549e+01
2.333919e+00,-5.250038e+01,3.797718e+01
1.908521e+00,-5.115732e+01,-9.714070e-01
3.286562e+00,-5.033101e+01,2.555806e+01
4.229825e+00,-4.991448e+01,7.884310e+00
2.809883e+00,-5.093664e+01,3.822124e+00
4.835056e+00,-4.868128e+01,1.136848e+01
3.867370e+00,-5.305800e+01,2.815797e+01
4.958181e+00,-5.187559e+01,2.595229e+01
6.024873e+00,-5.112026e+01,1.439467e+01
6.641785e+00,-5.090363e+01,3.185228e+01
6.426240e+00,-5.216071e+01,3.336208e+01
8.500530e+00,-5.002108e+01,1.678625e+01
7.033518e+00,-4.965048e+01,2.642785e+01
6.883294e+00,-5.163536e+01,1.896840e+01
8.366577e+00,-5.235876e+01,5.243696e+00
8.646531e+00,-5.113340e+01,1.460659e+01
9.832401e+00,-5.068109e+01,3.714214e+01
1.054838e+01,-5.221863e+01,1.382013e+01
1.060977e+01,-5.125992e+01,1.201033e+01
9.713909e+00,-5.097393e+01,9.322231e+00
1.164247e+01,-5.093627e+01,3.653504e+01
1.171495e+01,-5.152706e+01,1.182653e+01
1.251340e+01,-5.110500e+01,3.734095e+01
1.461442e+01,-5.052323e+01,6.723142e+00
1.520628e+01,-5.094287e+01,3.249884e+01
1.366053e+01,-5.057566e+01,2.222255e+01
1.536906e+01,-4.917058e+01,3.894004e+00
1.643370e+01,-5.027746e+01,3.452406e+01
1.529095e+01,-4.862380e+01,4.911999e+00
1.717010e+01,-5.022688e+01,3.116853e+01
1.744224e+01,-4.938565e+01,7.770045e+00
1.779761e+01,-5.112639e+01,2.300513e+01
1.902767e+01,-5.015867e+01,1.236196e+01
1.794801e+01,-4.916072e+01,3.146106e+01
1.957192e+01,-4.853886e+01,3.777374e+01
1.822234e+01,-4.750204e+01,9.025201e+00
1.902965e+01,-4.834647e+01,1.285340e+01
1.949639e+01,-5.081132e+01,1.336409e+01
2.041549e+01,-4.955802e+01,3.116541e+01
1.942818e+01,-4.995492e+01,1.666697e+01
1.872768e+01,-4.993100e+01,2.165770e+01
2.181718e+01,-5.022376e+01,3.258798e+01
2.364529e+01,-4.879680e+01,2.050599e+01
2.412908e+01,-4.916653e+01,2.994135e+01
2.210421e+01,-4.706456e+01,2.955186e+01
2.256597e+01,-4.936540e+01,3.463255e+01
2.382644e+01,-4.680606e+01,2.873939e+01
2.371652e+01,-4.739359e+01,2.006001e+01
2.624296e+01,-4.584295e+01,-4.503657e-01
2.586927e+01,-4.915655e+01,3.680115e+01
2.468485e+01,-4.819178e+01,4.326286e+00
2.487968e+01,-4.816721e+01,3.530329e+01
2.547708e+01,-4.688854e+01,3.859949e+01
2.654436e+01,-4.585555e+01,3.675331e+01
2.642789e+01,-4.612194e+01,2.914032e+01
2.863462e+01,-4.544090e+01,2.797194e+01
2.893619e+01,-4.654847e+01,5.318906e+00
3.022109e+01,-4.539851e+01,2.298723e+01
2.744913e+01,-4.367523e+01,1.698329e+01
2.854509e+01,-4.453596e+01,3.277470e+00
2.911625e+01,-4.414371e+01,3.116788e+01
3.110177e+01,-4.418699e+01,1.557947e+01
3.162563e+01,-4.428921e+01,1.271704e+01
3.198451e+01,-4.543790e+01,3.806302e+00
3.215112e+01,-4.480863e+01,3.821377e+00
3.192867e+01,-4.533649e+01,3.493177e+00
3.200661e+01,-4.344735e+01,2.746969e+01
3.143972e+01,-4.239202e+01,3.567341e+01
3.546495e+01,-4.242438e+01,2.701819e+01
3.335540e+01,-4.308185e+01,1.809831e+01
3.372995e+01,-4.238922e+01,3.597483e+01
3.403269e+01,-4.230858e+01,3.507160e+01
3.434346e+01,-4.260474e+01,1.586871e+01
3.680409e+01,-4.051392e+01,4.361174e+00
3.502035e+01,-3.990106e+01,1.613194e+01
3.484943e+01,-3.980936e+01,3.247465e+01
3.783093e+01,-4.092310e+01,7.656490e+00
3.750277e+01,-3.976344e+01,1.905665e+01
3.917062e+01,-3.890808e+01,1.093974e+01
3.907239e+01,-4.070628e+01,1.245332e+01
3.719404e+01,-3.977404e+01,2.511719e+01
3.660686e+01,-3.916180e+01,8.287828e+00
3.955899e+01,-4.100848e+01,1.359464e+00
3.939586e+01,-3.919234e+01,2.579360e+01
3.823080e+01,-3.767428e+01,1.952503e+01
4.126125e+01,-3.720355e+01,2.611159e+01
4.031595e+01,-3.894528e+01,7.959130e+00
4.174999e+01,-3.733053e+01,1.118327e+01
4.055272e+01,-3.865101e+01,2.099338e+01
4.204419e+01,-3.666910e+01,-5.708047e-01
4.208100e+01,-3.594492e+01,9.534583e+00
4.319746e+01,-3.622744e+01,1.963291e+01
4.300390e+01,-3.528963e+01,3.568165e+01
4.522031e+01,-3.361688e+01,2.870750e+01
4.151132e+01,-3.218576e+01,4.007362e+01
4.233102e+01,-3.356699e+01,3.002660e+00
4.326175e+01,-3.352588e+01,2.819778e+01
4.404506e+01,-3.732433e+01,2.551807e+00
4.483735e+01,-3.422033e+01,1.744884e+01
4.593982e+01,-3.241205e+01,3.323352e+01
4.543910e+01,-3.266534e+01,1.098864e+01
4.694095e+01,-3.116476e+01,8.290072e+00
4.772312e+01,-3.296846e+01,2.838871e+01
4.784629e+01,-3.138699e+01,1.049659e+01
4.639282e+01,-3.081813e+01,2.895298e+01
4.794512e+01,-3.167004e+01,2.736757e+01
4.625845e+01,-2.921096e+01,4.600235e+00
4.628121e+01,-3.075390e+01,2.079911e+01
4.793539e+01,-2.961384e+01,3.587207e+00
4.716581e+01,-2.868692e+01,2.013409e+01
4.895476e+01,-2.964580e+01,2.529986e+00
4.889713e+01,-2.805549e+01,3.363422e+01
5.062111e+01,-2.667516e+01,1.466533e+01
4.806227e+01,-2.679478e+01,3.101061e+00
4.893301e+01,-2.642069e+01,3.786258e+01
4.951027e+01,-2.824570e+01,3.169561e+01
4.946860e+01,-2.732377e+01,2.314841e+01
5.026634e+01,-2.477469e+01,7.076937e+00
5.116203e+01,-2.440592e+01,1.411594e+01
5.109153e+01,-2.451010e+01,1.829295e+01
5.205226e+01,-2.480136e+01,1.213437e+01
5.125293e+01,-2.424242e+01,3.228912e+01
5.193841e+01,-2.323449e+01,3.612971e+01
5.261813e+01,-2.250037e+01,1.555782e+01
5.282498e+01,-2.211204e+01,2.076989e+01
5.211588e+01,-2.119957e+01,8.323867e+00
5.263086e+01,-2.151057e+01,2.394186e+01
5.113108e+01,-2.073379e+01,5.790529e+00
5.324563e+01,-2.056669e+01,7.862130e+00
5.443923e+01,-2.053096e+01,2.852623e+01
5.347310e+01,-2.043200e+01,3.661660e+01
5.371704e+01,-1.854749e+01,1.600629e+00
5.252576e+01,-1.843593e+01,1.814177e+01
5.511387e+01,-1.635287e+01,3.096130e+01
5.516012e+01,-1.649861e+01,2.151117e+01
5.337774e+01,-1.658670e+01,4.086826e+01
5.338930e+01,-1.793196e+01,3.192426e+01
5.499559e+01,-1.780509e+01,7.488970e+00
5.695562e+01,-1.355241e+01,1.509806e+01
5.444058e+01,-1.664702e+01,3.696433e+01
5.442464e+01,-1.619678e+01,3.367702e+01
5.588272e+01,-1.576266e+01,1.902040e+01
5.643030e+01,-1.390869e+01,6.688487e+00
5.581155e+01,-1.423106e+01,1.845258e+00
5.654310e+01,-1.285038e+01,7.299731e+00
5.585060e+01,-1.158291e+01,1.395504e+01
5.665418e+01,-1.064221e+01,1.146002e+00
5.657519e+01,-1.121302e+01,1.059265e+01
5.566217e+01,-1.182552e+01,2.566807e+01
5.727207e+01,-1.079877e+01,1.545961e+01
5.755368e+01,-1.007872e+01,2.913626e+01
5.635865e+01,-8.560693e+00,2.194055e+01
5.691529e+01,-7.815636e+00,3.265136e+01
5.816489e+01,-9.896297e+00,5.158929e+00
5.694253e+01,-7.943635e+00,3.380543e+01
5.686932e+01,-8.348479e+00,3.646507e+01
5.834151e+01,-5.565999e+00,1.056672e+01
5.900925e+01,-7.524650e+00,4.794615e+00
5.898713e+01,-5.583531e+00,1.211853e+01
5.782176e+01,-5.182693e+00,3.799387e+01
5.747644e+01,-4.151967e+00,2.205983e+00
5.836670e+01,-1.951877e+00,3.288219e+01
5.782022e+01,-3.774747e+00,1.195238e+00
5.849813e+01,-3.997908e+00,1.603245e+01
5.893321e+01,-2.885607e+00,2.433055e+01
5.577720e+01,-3.844667e+00,4.059041e+01
5.687280e+01,-1.653112e+00,1.392691e+01
5.953852e+01,-1.766199e+00,2.249292e+01
5.824721e+01,-1.080634e+00,3.389150e+01
5.720976e+01,7.490600e-01,5.189993e+00
5.883994e+01,1.308941e+00,2.782102e+01
5.918210e+01,2.444908e+00,7.213907e+00
5.825553e+01,7.832078e-01,1.173619e+01
5.862243e+01,1.236237e+00,3.616543e+00
5.849223e+01,2.346380e+00,2.255053e+01
5.757071e+01,3.935201e+00,9.478986e+00
5.941187e+01,3.628567e+00,3.068248e+00
6.045680e+01,4.628937e+00,2.445042e+01
5.958856e+01,5.346967e+00,9.117086e-01
5.873137e+01,2.480344e+00,1.756098e+01
6.007894e+01,4.319034e+00,1.678479e+01
5.875013e+01,5.513163e+00,1.750925e+01
5.811049e+01,7.545859e+00,3.094727e+01
5.941737e+01,6.863842e+00,2.558269e+01
5.878507e+01,8.576760e+00,2.991900e+01
6.038737e+01,8.625504e+00,3.834594e+01
5.940199e+01,1.014621e+01,2.197886e+01
5.947419e+01,8.555631e+00,3.789467e+01
5.962835e+01,1.125904e+01,1.437016e+01
5.731643e+01,8.999255e+00,2.244966e+01
5.866979e+01,1.053351e+01,1.916741e+01
5.970455e+01,1.041623e+01,2.248410e+01
5.980325e+01,1.326988e+01,1.388575e+01
5.992056e+01,1.430236e+01,2.355289e+01
6.028908e+01,1.228119e+01,3.866571e+00
5.892048e+01,1.340642e+01,1.798734e+01
5.759478e+01,1.399890e+01,9.496306e+00
5.726163e+01,1.325081e+01,1.674659e+01
5.776378e+01,1.591381e+01,1.678845e+01
5.803744e+01,1.520030e+01,1.626638e+01
5.993475e+01,1.602411e+01,1.192582e+01
5.684827e+01,1.499051e+01,1.601879e+01
5.699748e+01,1.849286e+01,2.389481e+01
5.743059e+01,1.868341e+01,1.894442e+01
5.755753e+01,1.743965e+01,1.927416e+01
5.706215e+01,2.137348e+01,1.412991e+01
5.710324e+01,1.923019e+01,1.641505e+01
5.559922e+01,1.903368e+01,2.273411e+01
5.627173e+01,2.032047e+01,2.348738e+01
5.706348e+01,2.208518e+01,1.764427e+00
5.742445e+01,2.330782e+01,3.017992e+01
5.671993e+01,2.395075e+01,3.806855e+01
5.586717e+01,2.208301e+01,1.918212e+01
5.507510e+01,2.278964e+01,2.686983e+00
5.573716e+01,2.270278e+01,1.371596e+01
5.591551e+01,2.419132e+01,3.203589e+00
5.734709e+01,2.362198e+01,3.799307e+00
5.670459e+01,2.461599e+01,2.481908e+01
5.588618e+01,2.553171e+01,7.610732e+00
5.431994e+01,2.581512e+01,7.172714e+00
5.436564e+01,2.639071e+01,3.659198e+01
5.677031e+01,2.698315e+01,8.589662e-01
5.353491e+01,2.677922e+01,3.511208e+01
5.447907e+01,2.888693e+01,1.350789e+01
5.432605e+01,2.909662e+01,1.218692e+01
5.253915e+01,2.901484e+01,8.605354e+00
5.590822e+01,3.086368e+01,7.295015e+00
5.391410e+01,3.007626e+01,1.050578e+01
5.207147e+01,3.092762e+01,1.195294e+01
5.124361e+01,3.402118e+01,2.944403e+01
5.202943e+01,3.213611e+01,2.533305e+01
5.207119e+01,3.233064e+01,-1.139088e+00
5.351988e+01,3.209696e+01,2.372429e+01
5.105383e+01,3.359097e+01,1.080394e+01
5.164579e+01,3.320394e+01,5.086479e+00
5.092003e+01,3.537723e+01,2.976007e+01
5.129568e+01,3.410541e+01,2.556847e+01
5.128358e+01,3.713377e+01,4.213785e+00
5.019593e+01,3.422950e+01,3.480712e+01
5.006370e+01,3.702547e+01,1.261075e+01
5.044763e+01,3.558147e+01,2.576695e+01
4.912577e+01,3.741911e+01,1.873962e+01
5.007019e+01,3.769019e+01,3.345575e+01
5.032812e+01,3.671278e+01,2.612419e+01
4.883857e+01,3.912203e+01,2.365655e+01
4.802496e+01,3.967917e+01,3.153535e+01
4.850337e+01,4.045388e+01,2.546213e+01
5.004585e+01,4.017176e+01,1.387770e+01
4.758558e+01,4.070704e+01,2.701121e+01
4.798985e+01,4.148979e+01,2.669609e+00
4.563986e+01,4.180941e+01,2.679461e+01
4.498725e+01,4.279397e+01,9.885331e+00
4.534803e+01,4.287155e+01,8.437311e+00
4.569436e+01,4.185464e+01,2.149930e+01
4.599449e+01,4.333600e+01,3.064567e+01
4.557406e+01,4.375716e+01,2.121616e+01
4.154910e+01,4.380554e+01,4.127179e+01
4.546035e+01,4.580089e+01,1.884491e+01
4.306547e+01,4.355063e+01,7.759869e+00
4.194798e+01,4.606895e+01,3.135655e+01
4.246259e+01,4.818467e+01,3.782789e+01
4.408568e+01,4.722502e+01,4.722103e+00
4.068174e+01,4.553050e+01,2.754742e+00
4.128720e+01,4.729986e+01,2.802656e+01
3.986702e+01,4.772435e+01,3.128663e+01
4.043665e+01,4.758375e+01,2.849395e+01
4.184125e+01,4.727665e+01,-1.799732e+00
4.063884e+01,4.723668e+01,1.531082e+01
4.099564e+01,4.715294e+01,1.274444e+01
3.938116e+01,4.792603e+01,2.574412e+01
3.846101e+01,4.741230e+01,2.297187e+01
3.899514e+01,5.075013e+01,1.587212e+01
3.939553e+01,5.167897e+01,4.006337e+00
3.637119e+01,5.082013e+01,2.446091e+01
3.839742e+01,4.966838e+01,2.404993e+01
3.676891e+01,5.174454e+01,1.498488e+01
3.607919e+01,5.325068e+01,2.636573e+01
3.668804e+01,5.153842e+01,1.536819e+00
3.526329e+01,5.339220e+01,7.561286e+00
3.589035e+01,5.311175e+01,9.795827e+00
3.373433e+01,5.304836e+01,1.833679e+01
3.316845e+01,5.288557e+01,1.575056e+01
3.400389e+01,5.344347e+01,1.868183e+01
3.344665e+01,5.383979e+01,1.945550e+01
3.316022e+01,5.683609e+01,1.741357e+01
3.307180e+01,5.511975e+01,1.410207e+01
3.089847e+01,5.487119e+01,1.289996e+01
3.026264e+01,5.465548e+01,1.589381e+01
3.206975e+01,5.574525e+01,7.182210e+00
2.951832e+01,5.749102e+01,7.280893e+00
2.840833e+01,5.630193e+01,3.791546e+01
3.087393e+01,5.611140e+01,2.279003e+01
2.903255e+01,5.907628e+01,9.744531e+00
2.740407e+01,5.739145e+01,3.213752e+01
2.975910e+01,5.886715e+01,1.480839e+01
2.818992e+01,5.824147e+01,2.798752e+01
2.812149e+01,5.883095e+01,1.528528e+01
2.635978e+01,5.881399e+01,3.833361e+01
2.587670e+01,6.032625e+01,1.177113e+01
2.586610e+01,5.906482e+01,1.474787e+01
2.563926e+01,5.814661e+01,3.762856e+01
2.371839e+01,6.034227e+01,1.625296e+01
2.236820e+01,6.060213e+01,3.563912e+01
2.303292e+01,6.022823e+01,1.231210e+01
2.119737e+01,6.037990e+01,3.309445e+00
2.268527e+01,6.028840e+01,3.182602e+00
2.312305e+01,6.155872e+01,1.873498e+01
2.114804e+01,6.289547e+01,2.864803e+01
2.185061e+01,6.244536e+01,3.083364e+01
2.211592e+01,6.312535e+01,5.137239e+00
1.856826e+01,6.155247e+01,2.846120e+01
1.810635e+01,6.082631e+01,8.469145e+00
1.930018e+01,6.255752e+01,1.785101e+01
1.960329e+01,6.231748e+01,1.318010e+01
1.728913e+01,6.287201e+01,4.062905e+01
1.648888e+01,6.276397e+01,1.321954e+01
1.686709e+01,6.422552e+01,2.542331e+01
1.512592e+01,6.355426e+01,2.079178e+01
1.358824e+01,6.269187e+01,3.252497e+01
1.357751e+01,6.262950e+01,1.511336e+01
1.260878e+01,6.509788e+01,1.641382e+01
1.386984e+01,6.351428e+01,3.077083e+01
1.242271e+01,6.456865e+01,3.043465e+00
1.269498e+01,6.321819e+01,2.290872e+01
1.144143e+01,6.542984e+01,8.687613e-01
9.709624e+00,6.504043e+01,1.747266e+01
1.081319e+01,6.536850e+01,1.521277e+01
1.080800e+01,6.660380e+01,2.834431e+01
9.433235e+00,6.641845e+01,4.029482e+01
1.074386e+01,6.700919e+01,3.929829e+01
7.980553e+00,6.458745e+01,3.851810e+01
8.718942e+00,6.449390e+01,3.871378e+01
4.513118e+00,6.661531e+01,2.460582e+01
6.487840e+00,6.568379e+01,2.234503e+01
6.033980e+00,6.524991e+01,3.780659e+01
4.908488e+00,6.809512e+01,2.633943e+01
5.160404e+00,6.608446e+01,2.417337e+01
3.912276e+00,6.633479e+01,4.724650e+00
2.892481e+00,6.656066e+01,6.930634e+00
3.853338e+00,6.609775e+01,1.090670e+01
3.738907e+00,6.666672e+01,2.622634e+01
1.770355e+00,6.760009e+01,2.704644e+01
2.643099e+00,6.603386e+01,7.670862e+00
1.083783e+00,6.670560e+01,1.806857e+01
1.014875e+00,6.708526e+01,5.979081e+00
1.269802e+00,6.750220e+01,3.017815e+00
-2.473227e+00,6.677858e+01,2.065366e+01
-2.181935e+00,6.747507e+01,2.709168e+01
-1.251096e+00,6.710646e+01,8.577947e+00
-2.322044e+00,6.697119e+01,1.231335e+01
-4.175896e+00,6.729206e+01,5.348186e+00
-4.756923e+00,6.764940e+01,2.440986e+01
-5.704754e+00,6.506930e+01,2.172237e+01
-5.416413e+00,6.655905e+01,4.999591e+00
-6.393379e+00,6.767130e+01,1.931261e+01
-8.459750e+00,6.793949e+01,1.642427e+00
-6.817155e+00,6.652887e+01,8.066848e+00
-7.219090e+00,6.724213e+01,3.780037e+01
-9.980788e+00,6.570620e+01,1.386314e+01
-8.849994e+00,6.741312e+01,6.229305e+00
-8.132540e+00,6.620984e+01,1.283293e+01
-9.054164e+00,6.692328e+01,5.036831e+00
-1.149711e+01,6.599243e+01,2.481527e+01
-1.067909e+01,6.793333e+01,1.382962e+01
-1.287958e+01,6.690718e+01,2.605366e+01
-1.355648e+01,6.654795e+01,1.422375e+01
-1.225967e+01,6.526248e+01,2.795426e+01
-1.436700e+01,6.598294e+01,3.278545e+01
-1.528073e+01,6.588230e+01,7.924991e+00
-1.386864e+01,6.519939e+01,1.288984e+01
-1.522753e+01,6.520451e+01,8.586254e-03
-1.770159e+01,6.457671e+01,2.327002e+01
-1.705696e+01,6.677121e+01,2.195017e+01
-1.697109e+01,6.770478e+01,2.835561e+01
-1.713351e+01,6.564045e+01,3.144254e+01
-1.766393e+01,6.636748e+01,9.562827e+00
-2.017114e+01,6.617501e+01,6.435139e+00
-1.933175e+01,6.614874e+01,4.303645e+00
-2.172625e+01,6.471432e+01,1.102773e+01
-2.087199e+01,6.346979e+01,3.679782e+00
-2.155131e+01,6.585765e+01,6.731707e+00
-2.242397e+01,6.348528e+01,1.569784e+01
-2.210909e+01,6.416308e+01,2.731335e+01
-2.391063e+01,6.600995e+01,3.340236e+01
-2.471849e+01,6.550110e+01,1.917297e+01
-2.380757e+01,6.286663e+01,7.180195e+00
-2.625918e+01,6.386760e+01,2.440185e+01
-2.724470e+01,6.231433e+01,1.355056e+01
-2.621041e+01,6.572453e+01,2.882077e+01
-2.806894e+01,6.193940e+01,1.929297e+01
-2.610218e+01,6.326613e+01,3.134443e+01
-2.876312e+01,6.206740e+01,2.207347e+01
-2.925073e+01,6.104312e+01,3.693566e+00
-3.012069e+01,6.181742e+01,2.801072e+01
-3.088147e+01,6.094058e+01,1.828602e+01
-3.137270e+01,6.420085e+01,4.261435e+00
-3.162933e+01,6.085202e+01,1.690569e+01
-3.156966e+01,6.038460e+01,2.896857e+01
-3.222184e+01,6.036526e+01,1.797309e+01
-3.384553e+01,5.997767e+01,1.214511e+01
-3.321761e+01,5.964283e+01,1.873507e+01
-3.327176e+01,5.903941e+01,3.000909e+01
-3.363606e+01,6.013741e+01,3.254518e+01
-3.468077e+01,5.963027e+01,2.990512e+01
-3.542451e+01,6.136584e+01,1.020491e+01
-3.466395e+01,5.719144e+01,2.362973e+01
-3.614734e+01,5.998186e+01,1.033649e+01
-3.836808e+01,5.862257e+01,1.976050e+01
-3.778735e+01,5.832992e+01,3.652069e+01
-3.700383e+01,5.804064e+01,2.326043e+01
-4.105549e+01,5.572978e+01,3.195007e+01
-3.816507e+01,5.688257e+01,2.876585e+01
-3.900883e+01,5.690200e+01,1.448346e+01
-4.192370e+01,5.748576e+01,7.285175e+00
-4.193957e+01,5.616594e+01,4.353915e+00
-4.336127e+01,5.566587e+01,1.959018e+01
-4.070614e+01,5.581385e+01,1.132886e+01
-4.192005e+01,5.578194e+01,3.807181e+01
-4.303534e+01,5.604309e+01,2.038283e+01
-4.492462e+01,5.512474e+01,3.309420e+01
-4.255791e+01,5.547210e+01,8.856908e+00
-4.616122e+01,5.429481e+01,2.102257e+01
-4.505442e+01,5.354057e+01,2.678012e+00
-4.658457e+01,5.259636e+01,3.290692e+01
-4.560519e+01,5.325747e+01,1.612915e+00
-4.661337e+01,5.262006e+01,1.591426e+00
-4.888478e+01,5.277798e+01,1.341579e+01
-5.009062e+01,5.218532e+01,9.061321e+00
-4.928400e+01,4.927800e+01,9.862117e+00
-4.844885e+01,5.141609e+01,1.698338e+01
-4.916661e+01,5.200877e+01,3.849208e+01
-5.013671e+01,5.071122e+01,3.006699e+01
-5.355539e+01,5.033346e+01,1.727764e+01
-4.888663e+01,4.889559e+01,8.751806e+00
-5.070459e+01,4.866694e+01,3.623924e+01
-5.098121e+01,4.691803e+01,8.845167e+00
-5.268986e+01,4.658347e+01,3.349975e+01
-5.238284e+01,4.760416e+01,4.052623e+01
-5.350385e+01,4.806230e+01,3.914463e+01
-5.208485e+01,4.672618e+01,1.499555e-01
-5.545461e+01,4.515963e+01,3.720099e+00
-5.296295e+01,4.610866e+01,2.654534e+01
-5.449813e+01,4.474315e+01,9.686227e+00
-5.337296e+01,4.377567e+01,4.032057e+00
-5.474230e+01,4.475896e+01,2.165457e+00
-5.454036e+01,4.267240e+01,3.136082e+01
-5.788465e+01,4.499035e+01,1.361098e+01
-5.521336e+01,4.471945e+01,8.560618e+00
-5.738517e+01,4.289580e+01,2.478058e+01
-5.596095e+01,4.042963e+01,3.686808e+01
-5.852412e+01,4.085763e+01,3.937030e+01
-5.983248e+01,4.138164e+01,3.188075e+01
-5.898730e+01,3.981623e+01,3.425945e+01
-6.050617e+01,3.999224e+01,8.187295e+00
-6.033808e+01,4.035177e+01,9.013880e+00
-5.975128e+01,4.045097e+01,1.566066e+01
-6.104253e+01,3.906109e+01,3.062336e+01
-5.968459e+01,3.771067e+01,1.503229e+01
-6.101826e+01,3.658744e+01,2.721757e+01
-6.157424e+01,3.654009e+01,1.069272e+01
-6.285649e+01,3.710255e+01,1.049139e+01
-6.145854e+01,3.569058e+01,1.763950e+01
-6.272917e+01,3.454747e+01,3.303091e+01
-6.183717e+01,3.420200e+01,1.075980e+01
-6.368331e+01,3.440319e+01,1.285758e+01
-6.200532e+01,3.422552e+01,1.372659e+01
-6.243824e+01,3.267113e+01,4.634636e+00
-6.592250e+01,3.089642e+01,1.624330e+01
-6.675405e+01,3.239027e+01,6.642404e+00
-6.674088e+01,3.017188e+01,2.021473e+01
-6.611075e+01,3.199515e+01,2.812245e+01
-6.593014e+01,2.881800e+01,2.739299e+01
-6.541376e+01,2.853636e+01,1.287290e+01
-6.572745e+01,3.054977e+01,3.109856e+00
-6.760183e+01,2.794182e+01,1.611162e+01
-6.747115e+01,3.079176e+01,3.393956e+01
-6.806705e+01,2.851749e+01,1.449629e+01
-6.795583e+01,2.729814e+01,2.880353e+01
-6.815675e+01,2.732600e+01,2.629703e+01
-6.912932e+01,2.582971e+01,3.536101e+01
-6.799126e+01,2.535094e+01,8.984832e+00
-6.817680e+01,2.541989e+01,2.539018e+01
-7.045302e+01,2.100244e+01,1.490170e+01
-6.850225e+01,2.293676e+01,3.279766e+01
-7.001303e+01,2.175661e+01,3.824667e+01
-6.921102e+01,1.983754e+01,2.757255e+01
-7.086147e+01,2.099775e+01,2.903710e+01
-6.972158e+01,2.309148e+01,2.708747e+01
-7.128810e+01,1.797781e+01,-2.448349e-01
-7.037872e+01,1.749824e+01,3.538342e+00
-6.917998e+01,1.877755e+01,3.889488e+01
-7.270732e+01,1.689613e+01,3.092588e+01
-7.144308e+01,1.850426e+01,6.850672e+00
-7.268283e+01,1.596791e+01,9.620291e+00
-7.193764e+01,1.624297e+01,7.997117e+00
-7.280161e+01,1.587938e+01,2.014123e+00
-7.202218e+01,1.556492e+01,1.044816e+01
-7.237079e+01,1.234478e+01,3.172950e+01
-7.045742e+01,1.487159e+01,3.136148e+01
-7.275764e+01,1.145571e+01,9.188035e+00
-7.343001e+01,1.329962e+01,3.753150e+01
-7.238102e+01,1.103626e+01,1.768904e+01
-7.425267e+01,1.030662e+01,1.355663e-01
-7.302251e+01,1.014950e+01,8.886671e+00
-7.502209e+01,9.425024e+00,1.461276e+01
-7.223255e+01,6.533888e+00,8.210742e+00
-7.403550e+01,6.542930e+00,5.042204e+00
-7.461728e+01,6.353738e+00,2.890864e+01
-7.383552e+01,6.647742e+00,2.262389e+01
-7.444168e+01,5.146744e+00,9.964884e+00
-7.445660e+01,7.569277e+00,1.649177e+01
-7.330836e+01,4.401085e+00,3.369369e+00
-7.360313e+01,4.337872e+00,1.260586e+00
-7.407761e+01,4.974808e+00,1.667507e+00
-7.257863e+01,2.761871e+00,3.817321e+01
-7.358803e+01,3.281673e+00,-2.852236e-01
-7.645567e+01,8.587643e-01,2.313197e+01
-7.282315e+01,1.384018e+00,3.763044e+00
-7.443815e+01,4.774012e-01,2.705010e+01
-7.520484e+01,-3.727089e-02,-3.806643e-01
-7.349824e+01,-1.287734e+00,1.460407e+01
-7.602603e+01,-1.583364e+00,1.916536e+01
-7.603784e+01,-2.799685e+00,1.017749e+01
-7.543713e+01,-3.123147e+00,1.964051e+01
-7.481876e+01,-4.331845e+00,7.714851e+00
-7.414085e+01,-4.808973e+00,4.085926e+01
-7.827796e+01,-4.357330e+00,4.053816e+01
-7.612036e+01,-5.474950e+00,2.917489e+01
-7.320774e+01,-7.111213e+00,3.200635e+01
-7.523687e+01,-7.630033e+00,3.215322e+01
-7.518841e+01,-9.068130e+00,1.065521e+01
-7.609218e+01,-8.660673e+00,5.462160e+00
-7.366576e+01,-8.885582e+00,3.955154e+01
-7.519863e+01,-9.478496e+00,1.208947e+01
-7.358506e+01,-1.116585e+01,2.509512e+00
-7.406920e+01,-1.045679e+01,1.619565e+01
-7.374616e+01,-9.895664e+00,9.009537e+00
-7.568213e+01,-1.267860e+01,2.170945e+01
-7.478594e+01,-1.277796e+01,2.125733e+01
-7.624460e+01,-1.387640e+01,2.605568e+01
-7.450692e+01,-1.382404e+01,1.263471e+01
-7.385849e+01,-1.415833e+01,3.158019e+01
-7.394936e+01,-1.530174e+01,1.116424e+01
-7.304311e+01,-1.515341e+01,4.242354e+00
-7.308223e+01,-1.750416e+01,2.216223e+01
-7.456809e+01,-2.017063e+01,3.281709e+01
-7.374103e+01,-1.999066e+01,1.288073e+01
-7.281481e+01,-2.039678e+01,3.257360e+01
-7.411260e+01,-2.018404e+01,3.249332e+01
-7.337886e+01,-1.945875e+01,3.055367e+01
-7.420689e+01,-2.136732e+01,3.486722e+01
-7.307138e+01,-2.176638e+01,3.734602e+00
-7.325584e+01,-2.359805e+01,1.977391e+01
-7.468993e+01,-2.365810e+01,2.016582e+01
-7.186105e+01,-2.456249e+01,2.797896e+01
-7.228735e+01,-2.467089e+01,6.060227e+00
-7.234976e+01,-2.796356e+01,2.712079e+00
-7.471713e+01,-2.617138e+01,3.908033e+00
-7.127724e+01,-2.665864e+01,2.965795e+01
-7.139166e+01,-2.720235e+01,1.521886e-01
-7.117340e+01,-2.742886e+01,5.140111e+00
-6.896718e+01,-2.900175e+01,3.462822e+00
-6.893175e+01,-2.851982e+01,5.820511e+00
-6.947606e+01,-2.906101e+01,3.224203e+00
-7.055643e+01,-3.030529e+01,2.641952e-01
-6.981362e+01,-3.244131e+01,1.791801e+01
-7.067338e+01,-3.181268e+01,2.852658e+01
-6.668392e+01,-3.138380e+01,1.157034e+01
-6.928199e+01,-3.295756e+01,1.283140e+01
-6.947331e+01,-3.558348e+01,1.880915e+01
-6.988291e+01,-3.401506e+01,3.607764e+01
-6.790123e+01,-3.401438e+01,5.890306e+00
-6.859812e+01,-3.518530e+01,3.865105e+01
-6.636622e+01,-3.770543e+01,1.932487e+01
-6.486644e+01,-3.665567e+01,1.605168e+01
-6.690689e+01,-3.788148e+01,3.571065e+01
-6.725001e+01,-3.790047e+01,3.137967e+01
-6.666604e+01,-3.793954e+01,3.357752e+01
-6.718293e+01,-4.005543e+01,1.789226e+01
-6.563278e+01,-3.995159e+01,1.437145e+01
-6.509460e+01,-4.048234e+01,1.803653e+01
-6.570191e+01,-4.100964e+01,3.354655e+01
-6.564643e+01,-4.311770e+01,3.629244e+01
-6.428813e+01,-4.397021e+01,2.741990e+01
-6.390033e+01,-4.223391e+01,1.881891e+01
-6.364880e+01,-4.377476e+01,2.149739e+01
-6.418198e+01,-4.482704e+01,1.383129e+01
-6.537262e+01,-4.619422e+01,2.693973e+01
-6.376328e+01,-4.544916e+01,3.218216e+01
-6.155797e+01,-4.652668e+01,3.641322e+01
-6.271134e+01,-4.588054e+01,1.233915e+01
-6.346853e+01,-4.909238e+01,2.483704e+01
-6.173076e+01,-4.698765e+01,7.526226e+00
-6.038511e+01,-4.979264e+01,2.210161e+01
-6.047186e+01,-4.916617e+01,1.331008e+01
-5.995197e+01,-4.993823e+01,7.293797e+00
-6.084889e+01,-5.017409e+01,2.975385e+01
-5.700331e+01,-5.044345e+01,3.004991e+01
-5.784315e+01,-5.059333e+01,1.246717e+01
-5.791454e+01,-5.152111e+01,3.887135e+01
-5.784286e+01,-5.117642e+01,2.803868e+01
-5.714666e+01,-5.297361e+01,3.680173e+01
-5.732057e+01,-5.294151e+01,3.094887e+01
-5.477213e+01,-5.344175e+01,1.557648e+01
-5.479880e+01,-5.494318e+01,2.059576e+01
-5.735933e+01,-5.648939e+01,1.468147e+01
-5.586347e+01,-5.560704e+01,2.522374e+01
-5.609076e+01,-5.798074e+01,2.402974e+00
-5.612901e+01,-5.534936e+01,2.626103e+01
-5.313001e+01,-5.749682e+01,3.401397e+01
-5.457997e+01,-5.770201e+01,1.934746e+01
-5.360078e+01,-5.754723e+01,1.754597e+01
-5.369557e+01,-5.788115e+01,6.473542e+00
-5.170241e+01,-5.999355e+01,2.900459e+01
-5.050692e+01,-6.007520e+01,3.221512e+01
-5.151325e+01,-6.028585e+01,2.143329e+01
-4.957664e+01,-6.037511e+01,4.120755e+01
-5.094460e+01,-6.088195e+01,1.107811e+01
-5.093201e+01,-6.296460e+01,2.544263e+01
-5.037750e+01,-6.029875e+01,2.777404e+01
-4.872806e+01,-6.200166e+01,3.758677e+01
-4.597551e+01,-6.409070e+01,3.438248e+01
-4.582720e+01,-6.468720e+01,1.733416e+01
-4.696198e+01,-6.262549e+01,6.420098e+00
-4.759352e+01,-6.311847e+01,3.205618e+01
-4.414637e+01,-6.366885e+01,3.957777e+01
-4.308618e+01,-6.544374e+01,1.833727e+01
-4.511726e+01,-6.546648e+01,3.321037e+00
-4.435821e+01,-6.521572e+01,7.365503e-01
-4.326409e+01,-6.639938e+01,4.020340e+01
-4.038434e+01,-6.590192e+01,9.973138e+00
-4.078256e+01,-6.681315e+01,5.199166e+00
-4.023666e+01,-6.818958e+01,9.544511e+00
-4.015944e+01,-6.991870e+01,4.526983e+00
-4.004914e+01,-6.829446e+01,1.539044e+01
-4.124127e+01,-6.746215e+01,1.810917e+01
-3.928345e+01,-7.084490e+01,3.817756e+01
-3.880155e+01,-6.958775e+01,1.951022e+00
-3.821319e+01,-6.993480e+01,5.644041e+00
-3.565411e+01,-7.114906e+01,2.469501e+00
-3.778136e+01,-7.084099e+01,3.908453e+01
-3.653200e+01,-7.299725e+01,2.216923e+01
-3.534574e+01,-7.226061e+01,3.348676e+01
-3.544397e+01,-7.195203e+01,1.932926e+01
-3.429488e+01,-7.212563e+01,8.620675e+00
-3.491430e+01,-7.171644e+01,3.317876e+01
-3.279496e+01,-7.395513e+01,2.666803e+01
-3.106182e+01,-7.353339e+01,2.849862e+00
-3.131429e+01,-7.541176e+01,3.953359e+01
-2.933318e+01,-7.514226e+01,3.962919e+01
-3.104582e+01,-7.423251e+01,2.775257e+01
-3.017164e+01,-7.448767e+01,3.454719e+01
-2.901043e+01,-7.541734e+01,3.167717e+01
-2.921043e+01,-7.485266e+01,2.731599e+01
-2.655540e+01,-7.458438e+01,6.537639e-01
-2.673724e+01,-7.679726e+01,2.881856e+01
-2.669396e+01,-7.611091e+01,9.459292e+00
-2.538902e+01,-7.742333e+01,5.620649e+00
-2.533707e+01,-7.815642e+01,2.308220e+01
-2.344642e+01,-7.627986e+01,1.799999e+01
-2.494049e+01,-7.780949e+01,3.737642e+01
-2.385817e+01,-7.806747e+01,1.710016e+01
-2.272270e+01,-7.903741e+01,2.076852e+01
-2.161153e+01,-7.768312e+01,6.970776e+00
-2.185815e+01,-7.683174e+01,6.011652e-01
-2.064296e+01,-7.761622e+01,1.961577e+01
-2.012291e+01,-7.907997e+01,4.078687e-01
-1.876957e+01,-7.802889e+01,7.243955e+00
-1.797567e+01,-7.889614e+01,3.170320e+01
-1.881580e+01,-7.978869e+01,1.116031e+01
-1.493676e+01,-7.916224e+01,2.275679e+01
-1.817157e+01,-7.995161e+01,3.861594e+01
-1.468412e+01,-7.967723e+01,2.698344e+01
-1.498909e+01,-7.857270e+01,2.199501e+01
-1.398522e+01,-8.069900e+01,1.041548e+01
-1.301260e+01,-8.279327e+01,7.089603e+00
-1.277798e+01,-8.270758e+01,3.691850e+01
-1.166990e+01,-8.265524e+01,1.777962e+01
-9.640373e+00,-8.054281e+01,1.081244e+01
-1.020515e+01,-8.093329e+01,1.021348e+01
-9.794257e+00,-8.129357e+01,3.859787e+01
-9.936326e+00,-8.177764e+01,9.155224e-01
-8.016897e+00,-8.161388e+01,2.629817e+01
-1.033648e+01,-8.110674e+01,1.712379e+01
-7.091934e+00,-8.286381e+01,7.182724e+00
-4.797733e+00,-8.188019e+01,1.430857e+01
-4.078465e+00,-8.216847e+01,1.154724e+01
-3.677759e+00,-8.094437e+01,3.626980e+01
-3.519402e+00,-8.178912e+01,2.394995e+01
-1.735861e+00,-8.383555e+01,2.640248e+01
-1.356176e+00,-8.088085e+01,6.888876e+00
-3.790651e+00,-8.092701e+01,1.301005e-01
-5.446642e-01,-8.249542e+01,2.187320e+01
-6.838500e-02,-8.208888e+01,3.576740e+01
2.708198e-01,-8.383735e+01,1.629676e+01
2.848237e+00,-8.012973e+01,1.591693e+01
1.960403e+00,-8.460471e+01,3.112799e+01
3.727914e+00,-8.271603e+01,1.588765e+01
5.141223e+00,-8.347157e+01,1.642519e+01
4.355945e+00,-8.255380e+01,7.520033e+00
7.518075e+00,-8.104157e+01,1.841946e+00
7.478511e+00,-8.271288e+01,1.788342e+01
6.591726e+00,-8.185301e+01,2.451458e+01
6.074145e+00,-8.287537e+01,1.987568e+01
7.572752e+00,-8.241737e+01,1.328934e+01
9.001190e+00,-8.079463e+01,2.295321e+01
8.768167e+00,-8.145984e+01,2.433391e+01
1.187848e+01,-8.207258e+01,3.172912e+01
1.024039e+01,-8.279890e+01,2.037292e+01
1.256891e+01,-8.188542e+01,8.455942e+00
1.245056e+01,-8.161864e+01,7.080271e+00
1.186183e+01,-8.144685e+01,1.977659e+01
1.240366e+01,-7.991569e+01,3.730190e+01
1.579623e+01,-8.140261e+01,1.168894e+01
1.561209e+01,-7.995168e+01,2.682414e+01
1.604316e+01,-8.067629e+01,6.328183e+00
1.885870e+01,-8.162141e+01,2.112361e+01
1.651188e+01,-8.157123e+01,3.192621e+01
1.771356e+01,-8.181905e+01,3.066621e+01
1.948328e+01,-7.987565e+01,1.640461e+00
2.055642e+01,-8.075294e+01,3.772564e+01
2.102954e+01,-8.249252e+01,5.275168e+00
2.217229e+01,-7.835285e+01,1.196454e+01
2.198402e+01,-8.179875e+01,1.191086e+01
2.300102e+01,-8.063521e+01,2.392942e+00
2.400589e+01,-8.150695e+01,8.595860e+00
2.444466e+01,-8.117117e+01,1.124654e+01
2.607733e+01,-7.893091e+01,3.778285e+01
2.455575e+01,-7.871687e+01,1.501392e+01
2.766617e+01,-7.955086e+01,3.729164e+00
2.819790e+01,-7.833208e+01,2.157420e+01
2.798933e+01,-7.934579e+01,1.230695e+01
2.805198e+01,-7.838108e+01,3.672803e+01
3.113670e+01,-7.579936e+01,2.920450e+01
3.051467e+01,-7.917208e+01,3.866666e+01
3.135962e+01,-7.848354e+01,9.149269e+00
3.120599e+01,-8.024828e+01,2.213823e+01
3.011834e+01,-7.779374e+01,3.972892e+01
3.461037e+01,-7.938704e+01,2.763869e+01
3.375106e+01,-7.753752e+01,4.688041e+00
3.364979e+01,-7.676826e+01,2.449337e+01
3.587734e+01,-7.520958e+01,3.889147e+01
3.710806e+01,-7.824643e+01,1.622686e+01
3.658447e+01,-7.642028e+01,2.433935e+00
3.531941e+01,-7.519555e+01,6.957727e+00
3.808838e+01,-7.698671e+01,1.124624e+01
4.003659e+01,-7.743441e+01,3.921520e+01
4.016423e+01,-7.522314e+01,4.034543e+01
3.981506e+01,-7.508335e+01,8.411941e+00
4.032264e+01,-7.715062e+01,3.438745e+01
4.327076e+01,-7.421976e+01,3.345292e+01
4.138518e+01,-7.344746e+01,2.810509e+01
3.999536e+01,-7.280022e+01,1.884782e+01
4.304174e+01,-7.246640e+01,-1.571651e-01
4.301340e+01,-7.119868e+01,3.119882e+01
4.591488e+01,-7.327497e+01,3.086592e+01
4.628396e+01,-7.318742e+01,1.100586e+01
4.635271e+01,-7.221178e+01,3.391895e+01
4.658137e+01,-7.114228e+01,3.850090e+01
4.922174e+01,-7.130189e+01,1.330727e+00
4.693270e+01,-7.156150e+01,1.945021e+01
4.750508e+01,-6.798440e+01,2.316040e+00
4.954362e+01,-6.797187e+01,2.557621e+01
5.182644e+01,-6.860452e+01,2.691109e+01
5.179973e+01,-6.836098e+01,1.455797e+01
5.122786e+01,-7.002620e+01,7.213246e+00
5.454052e+01,-6.770633e+01,3.728319e+01
5.220127e+01,-6.753596e+01,2.796586e+01
5.324105e+01,-6.796676e+01,3.139440e+01
5.611921e+01,-6.575487e+01,1.336526e+01
5.468065e+01,-6.432150e+01,3.345135e+01
5.350772e+01,-6.496024e+01,2.458328e+01
5.670567e+01,-6.530147e+01,3.192798e+01
5.627592e+01,-6.372708e+01,2.145679e+01
5.708411e+01,-6.582210e+01,2.413488e+00
5.687742e+01,-6.313303e+01,3.634108e+01
6.042097e+01,-6.147004e+01,1.775974e+01
5.869391e+01,-6.118838e+01,3.231274e+01
5.979626e+01,-6.372159e+01,2.649833e+01
6.173276e+01,-6.146767e+01,5.303575e-01
5.820796e+01,-6.033582e+01,4.906398e+00
6.044111e+01,-5.888539e+01,3.240117e+01
6.274743e+01,-5.993681e+01,9.402770e+00
6.123269e+01,-5.876436e+01,8.054790e+00
6.257679e+01,-5.835136e+01,2.038630e+01
6.423201e+01,-5.798274e+01,3.901074e+01
6.435064e+01,-5.780558e+01,3.186030e+01
6.378520e+01,-5.814341e+01,2.532697e+01
6.555693e+01,-5.618339e+01,3.825317e+01
6.659926e+01,-5.616510e+01,3.859281e+01
6.744784e+01,-5.507075e+01,1.285598e+01
6.787656e+01,-5.630289e+01,1.944893e+01
6.775860e+01,-5.483073e+01,1.008102e+01
7.018685e+01,-5.304432e+01,1.428403e+01
6.921017e+01,-5.485342e+01,1.249465e+00
6.910284e+01,-5.323683e+01,5.457567e+00
7.032362e+01,-5.105156e+01,2.217607e+01
6.825324e+01,-4.960937e+01,4.065690e+01
7.153595e+01,-5.155620e+01,9.880320e+00
7.164485e+01,-4.982577e+01,5.291611e+00
7.135445e+01,-4.746530e+01,2.502472e+01
7.318560e+01,-5.002671e+01,2.463348e+01
7.212475e+01,-4.775550e+01,1.883353e+01
7.305705e+01,-4.784398e+01,3.045035e+01
7.330003e+01,-4.682156e+01,2.711379e+01
7.268309e+01,-4.679515e+01,3.497235e+00
7.378065e+01,-4.590107e+01,1.728949e+01
7.351697e+01,-4.510426e+01,4.582203e+00
7.447485e+01,-4.627096e+01,3.542886e+01
7.537160e+01,-4.159731e+01,2.817936e+01
7.554401e+01,-4.336450e+01,1.030861e+00
7.698297e+01,-4.299560e+01,3.577042e+01
7.685503e+01,-4.531748e+01,2.904092e+01
7.754022e+01,-4.284864e+01,9.314328e+00
7.744116e+01,-3.999354e+01,7.733690e+00
7.700889e+01,-3.882023e+01,3.488262e+01
7.915756e+01,-3.894313e+01,2.583500e+01
7.859547e+01,-3.929639e+01,3.426515e+01
7.906252e+01,-3.757023e+01,2.645583e+01
7.966590e+01,-3.848680e+01,2.681121e+01
7.824248e+01,-3.566587e+01,3.806932e+01
8.083964e+01,-3.693445e+01,1.698031e+01
8.165962e+01,-3.437197e+01,1.664838e+01
7.976255e+01,-3.401116e+01,1.543960e+01
8.110897e+01,-3.572437e+01,2.033832e+01
8.172718e+01,-3.245506e+01,1.163089e+01
8.346225e+01,-3.199583e+01,3.635686e+01
8.085237e+01,-3.292193e+01,2.006599e+01
8.238632e+01,-2.974933e+01,2.139471e+01
8.194601e+01,-2.971262e+01,1.590305e+01
8.330155e+01,-2.822640e+01,1.824942e+01
8.273453e+01,-2.745476e+01,1.625182e+01
8.439571e+01,-2.828740e+01,2.982856e+01
8.640435e+01,-2.705148e+01,1.538690e+01
8.504206e+01,-2.577393e+01,4.081619e+00
8.537269e+01,-2.673340e+01,2.627451e+01
8.495286e+01,-2.246782e+01,6.354901e+00
8.516428e+01,-2.576178e+01,3.884102e+01
8.702645e+01,-2.315670e+01,1.931724e+01
8.603354e+01,-2.363690e+01,1.478986e+01
8.453031e+01,-2.228913e+01,1.656229e+01
8.514580e+01,-2.271381e+01,2.318075e+01
8.718217e+01,-2.056993e+01,5.811023e+00
8.635181e+01,-2.081471e+01,3.424868e+01
8.839900e+01,-1.803077e+01,2.010969e+01
8.737667e+01,-1.747173e+01,1.854591e+01
8.621855e+01,-1.676920e+01,1.492547e+01
8.662054e+01,-1.599668e+01,1.847103e+01
8.816901e+01,-1.578130e+01,1.170461e+00
8.815706e+01,-1.515876e+01,8.556699e+00
8.705811e+01,-1.346800e+01,2.575879e+01
8.846474e+01,-1.281030e+01,2.127662e+01
8.825261e+01,-1.285159e+01,3.935925e+01
8.869669e+01,-1.163615e+01,3.335134e+00
8.987369e+01,-9.883408e+00,1.026803e+01
8.765594e+01,-9.934441e+00,3.935517e+01
8.804960e+01,-8.877537e+00,2.761518e+01
8.872364e+01,-9.018350e+00,-3.390103e-01
9.155175e+01,-4.684472e+00,3.967461e+01
8.966905e+01,-6.854304e+00,3.616934e+01
8.986844e+01,-7.104530e+00,2.354816e+01
8.996719e+01,-6.560541e+00,3.499229e+01
8.962171e+01,-4.410716e+00,9.249441e+00
8.948360e+01,-3.791846e+00,2.043564e+01
9.184638e+01,-2.406024e+00,8.352551e+00
9.087253e+01,-2.035362e+00,3.747620e+00
9.008767e+01,-1.577858e+00,1.613516e+01
9.003007e+01,-1.761720e+00,1.226031e+01
9.008753e+01,1.742394e-01,3.143903e+01
8.910606e+01,2.157962e+00,7.353342e+00
8.984788e+01,1.053645e+00,3.070459e+01
9.079139e+01,3.517455e+00,3.640376e+01
9.177725e+01,3.310084e+00,3.960201e+01
8.965002e+01,5.802309e+00,3.547027e+01
9.086011e+01,2.961781e+00,1.063620e+01
9.215838e+01,6.022486e+00,1.699486e+01
8.857608e+01,7.551262e+00,2.962596e+01
8.926315e+01,8.375951e+00,3.151330e+01
8.954926e+01,8.290186e+00,2.516072e+01
8.957167e+01,8.286433e+00,2.537242e+01
9.067992e+01,9.080832e+00,8.447685e+00
8.868732e+01,1.185213e+01,2.521682e+01
8.973835e+01,1.248774e+01,2.941034e+00
8.963926e+01,1.236676e+01,1.139420e+01
9.059230e+01,1.299986e+01,1.376182e+01
9.019013e+01,1.377501e+01,5.098306e+00
8.922325e+01,1.534354e+01,3.305392e+00
9.170639e+01,1.678466e+01,7.005584e+00
9.013577e+01,1.558774e+01,3.416825e+01
9.073122e+01,1.676765e+01,1.342184e+01
8.909982e+01,1.850041e+01,1.339066e+01
